customer,merchant,fraud,inr_amount,txn_count_customer,is_high_amount,category_fraud_rate,txn_count_category,customer_fraud_rate,merchant_fraud_rate,txn_count_merch,categoy__'es_barsandrestaurants',categoy__'es_contents',categoy__'es_fashion',categoy__'es_food',categoy__'es_health',categoy__'es_home',categoy__'es_hotelservices',categoy__'es_hyper',categoy__'es_leisure',categoy__'es_otherservices',categoy__'es_sportsandtoys',categoy__'es_tech',categoy__'es_transportation',categoy__'es_travel',categoy__'es_wellnessandbeauty'
'C638163213','M348934600',0,5107.99,157,0,0.0,505119,0.0,0.0,199601,False,False,False,False,False,False,False,False,False,False,False,False,True,False,False
'C620327304','M348934600',0,2703.94,119,0,0.0,505119,0.0,0.0,166931,False,False,False,False,False,False,False,False,False,False,False,False,True,False,False
'C597908249','M85975013',0,2594.71,119,0,0.0,26254,0.0,0.0,15367,False,False,False,True,False,False,False,False,False,False,False,False,False,False,False
'C2016264883','M1823072687',0,2979.0,88,0,0.0,505119,0.0,0.0,107430,False,False,False,False,False,False,False,False,False,False,False,False,True,False,False
'C1510459992','M1823072687',0,223.42,141,0,0.0,505119,0.0,0.0,246150,False,False,False,False,False,False,False,False,False,False,False,False,True,False,False
'C1960297159','M1823072687',0,5411.85,128,0,0.0,505119,0.0,0.0,190807,False,False,False,False,False,False,False,False,False,False,False,False,True,False,False
'C805469502','M1823072687',0,2694.01,89,0,0.0,505119,0.0,0.0,173461,False,False,False,False,False,False,False,False,False,False,False,False,True,False,False
'C2014169866','M1823072687',0,1711.93,85,0,0.0,505119,0.0,0.0,105376,False,False,False,False,False,False,False,False,False,False,False,False,True,False,False
'C1303555047','M1823072687',0,867.88,127,0,0.0,505119,0.0,0.0,195536,False,False,False,False,False,False,False,False,False,False,False,False,True,False,False
'C1049562739','M1823072687',0,1868.83,60,0,0.0,505119,0.0,0.0,89752,False,False,False,False,False,False,False,False,False,False,False,False,True,False,False
'C815186263','M1823072687',0,1208.48,132,0,0.0,505119,0.0,0.0,215910,False,False,False,False,False,False,False,False,False,False,False,False,True,False,False
'C969635352','M1823072687',0,374.36,96,0,0.0,505119,0.0,0.0,128629,False,False,False,False,False,False,False,False,False,False,False,False,True,False,False
'C2117244434','M348934600',0,3789.29,116,0,0.0,505119,0.0258620689655172,0.0,184327,False,False,False,False,False,False,False,False,False,False,False,False,True,False,False
'C706685788','M1823072687',0,730.85,113,0,0.0,505119,0.0088495575221238,0.0,159303,False,False,False,False,False,False,False,False,False,False,False,False,True,False,False
'C538394574','M1823072687',0,5438.66,87,0,0.0,505119,0.0229885057471264,0.0,226765,False,False,False,False,False,False,False,False,False,False,False,False,True,False,False
'C545527660','M348934600',0,4898.47,75,0,0.0,505119,0.0,0.0,117881,False,False,False,False,False,False,False,False,False,False,False,False,True,False,False
'C1962137244','M348934600',0,2801.25,81,0,0.0,505119,0.0,0.0,118230,False,False,False,False,False,False,False,False,False,False,False,False,True,False,False
'C879260717','M348934600',0,4563.83,11,0,0.0,505119,0.1818181818181818,0.0,166761,False,False,False,False,False,False,False,False,False,False,False,False,True,False,False
'C2016890783','M348934600',0,5181.47,25,0,0.0,505119,0.0,0.0,47974,False,False,False,False,False,False,False,False,False,False,False,False,True,False,False
'C1337923906','M1823072687',0,4304.65,105,0,0.0,505119,0.0,0.0,135447,False,False,False,False,False,False,False,False,False,False,False,False,True,False,False
'C1068772542','M1823072687',0,4103.08,63,0,0.0,505119,0.0158730158730158,0.0,101314,False,False,False,False,False,False,False,False,False,False,False,False,True,False,False
'C553434543','M1823072687',0,4555.88,176,0,0.0,505119,0.1761363636363636,0.0,297511,False,False,False,False,False,False,False,False,False,False,False,False,True,False,False
'C24198147','M1823072687',0,2248.15,37,0,0.0,505119,0.0,0.0,30946,False,False,False,False,False,False,False,False,False,False,False,False,True,False,False
'C1423828273','M348934600',0,1199.54,35,0,0.0,505119,0.0857142857142857,0.0,131297,False,False,False,False,False,False,False,False,False,False,False,False,True,False,False
'C1783127345','M348934600',0,368.4,42,0,0.0,505119,0.0,0.0,75079,False,False,False,False,False,False,False,False,False,False,False,False,True,False,False
'C1425719203','M348934600',0,552.11,12,0,0.0,505119,0.0,0.0,22968,False,False,False,False,False,False,False,False,False,False,False,False,True,False,False
'C377517197','M348934600',0,2108.14,22,0,0.0,505119,0.0,0.0,39521,False,False,False,False,False,False,False,False,False,False,False,False,True,False,False
'C1456851744','M1600850729',0,8603.35,176,1,0.0179733498605515,6454,0.0,0.0,2513,False,False,True,False,False,False,False,False,False,False,False,False,False,False,False
'C631654729','M1823072687',0,2122.04,138,0,0.0,505119,0.0,0.0,199137,False,False,False,False,False,False,False,False,False,False,False,False,True,False,False
'C891364505','M1823072687',0,4094.14,168,0,0.0,505119,0.0,0.0,278006,False,False,False,False,False,False,False,False,False,False,False,False,True,False,False
'C25346278','M348934600',0,2169.7,68,0,0.0,505119,0.0,0.0,112076,False,False,False,False,False,False,False,False,False,False,False,False,True,False,False
'C1667929755','M1946091778',0,590.84,69,0,0.0475937955720535,15086,0.0,0.0,1279,False,False,False,False,False,False,False,False,False,False,False,False,False,False,True
'C1549322511','M85975013',0,1896.63,121,0,0.0,26254,0.0,0.0,18555,False,False,False,True,False,False,False,False,False,False,False,False,False,False,False
'C1516302826','M1823072687',0,1598.73,61,0,0.0,505119,0.0,0.0,110235,False,False,False,False,False,False,False,False,False,False,False,False,True,False,False
'C1718318682','M85975013',0,1433.89,0,0,0.0,26254,0.0,0.0,64,False,False,False,True,False,False,False,False,False,False,False,False,False,False,False
'C686064678','M1823072687',0,888.73,39,0,0.0,505119,0.0,0.0,45502,False,False,False,False,False,False,False,False,False,False,False,False,True,False,False
'C1257820473','M348934600',0,2269.01,122,0,0.0,505119,0.0,0.0,161125,False,False,False,False,False,False,False,False,False,False,False,False,True,False,False
'C2031167542','M1823072687',0,60.57,91,0,0.0,505119,0.0,0.0,119136,False,False,False,False,False,False,False,False,False,False,False,False,True,False,False
'C1354799046','M1823072687',0,2351.42,133,0,0.0,505119,0.0075187969924812,0.0,213951,False,False,False,False,False,False,False,False,False,False,False,False,True,False,False
'C269960003','M348934600',0,2979.0,61,0,0.0,505119,0.0,0.0,95684,False,False,False,False,False,False,False,False,False,False,False,False,True,False,False
'C118836015','M1823072687',0,7053.28,145,0,0.0,505119,0.0,0.0,226055,False,False,False,False,False,False,False,False,False,False,False,False,True,False,False
'C2095429384','M1823072687',0,2457.67,33,0,0.0,505119,0.0,0.0,25088,False,False,False,False,False,False,False,False,False,False,False,False,True,False,False
'C2043927860','M1823072687',0,296.91,133,0,0.0,505119,0.0,0.0,204953,False,False,False,False,False,False,False,False,False,False,False,False,True,False,False
'C1396978257','M348934600',0,3479.47,20,0,0.0,505119,0.0,0.0,65747,False,False,False,False,False,False,False,False,False,False,False,False,True,False,False
'C1719535099','M1823072687',0,3881.64,57,0,0.0,505119,0.0,0.0,56450,False,False,False,False,False,False,False,False,False,False,False,False,True,False,False
'C813472343','M85975013',0,2458.67,156,0,0.0,26254,0.0,0.0,22134,False,False,False,True,False,False,False,False,False,False,False,False,False,False,False
'C490558731','M1823072687',0,1988.98,177,0,0.0,505119,0.0,0.0,299188,False,False,False,False,False,False,False,False,False,False,False,False,True,False,False
'C777438443','M1823072687',0,2270.99,98,0,0.0,505119,0.0,0.0,261981,False,False,False,False,False,False,False,False,False,False,False,False,True,False,False
'C318818410','M1823072687',0,2280.92,30,0,0.0,505119,0.0,0.0,24114,False,False,False,False,False,False,False,False,False,False,False,False,True,False,False
'C727658706','M1823072687',0,2196.52,43,0,0.0,505119,0.0,0.0,43960,False,False,False,False,False,False,False,False,False,False,False,False,True,False,False
'C885555910','M1823072687',0,302.86,44,0,0.0,505119,0.0,0.0,45027,False,False,False,False,False,False,False,False,False,False,False,False,True,False,False
'C1480064437','M348934600',0,3111.07,20,0,0.0,505119,0.0,0.0,58257,False,False,False,False,False,False,False,False,False,False,False,False,True,False,False
'C1642592478','M1823072687',0,477.63,143,0,0.0,505119,0.0,0.0,229446,False,False,False,False,False,False,False,False,False,False,False,False,True,False,False
'C1215440829','M348934600',0,1676.18,13,0,0.0,505119,0.0,0.0,100571,False,False,False,False,False,False,False,False,False,False,False,False,True,False,False
'C245019752','M348934600',0,2339.51,164,0,0.0,505119,0.0304878048780487,0.0,196529,False,False,False,False,False,False,False,False,False,False,False,False,True,False,False
'C1215446912','M1823072687',0,1246.22,95,0,0.0,505119,0.0,0.0,225343,False,False,False,False,False,False,False,False,False,False,False,False,True,False,False
'C590614528','M1823072687',0,4032.57,47,0,0.0,505119,0.0,0.0,39519,False,False,False,False,False,False,False,False,False,False,False,False,True,False,False
'C322786133','M348934600',0,751.7,66,0,0.0,505119,0.0151515151515151,0.0,190676,False,False,False,False,False,False,False,False,False,False,False,False,True,False,False
'C1297100897','M1535107174',0,7992.66,8,1,0.0475937955720535,15086,0.0,0.0467032967032967,728,False,False,False,False,False,False,False,False,False,False,False,False,False,False,True
'C1906860092','M348934600',0,2542.08,14,0,0.0,505119,0.0,0.0,23638,False,False,False,False,False,False,False,False,False,False,False,False,True,False,False
'C1216867117','M348934600',0,708.01,8,0,0.0,505119,0.0,0.0,57904,False,False,False,False,False,False,False,False,False,False,False,False,True,False,False
'C1669649966','M1823072687',0,2879.7,28,0,0.0,505119,0.0,0.0,20435,False,False,False,False,False,False,False,False,False,False,False,False,True,False,False
'C480669012','M348934600',0,3794.25,18,0,0.0,505119,0.0,0.0,96331,False,False,False,False,False,False,False,False,False,False,False,False,True,False,False
'C270217031','M349281107',0,720.92,164,0,0.0179733498605515,6454,0.0,0.0,2780,False,False,True,False,False,False,False,False,False,False,False,False,False,False,False
'C1376617526','M348934600',0,2943.25,109,0,0.0,505119,0.0,0.0,151925,False,False,False,False,False,False,False,False,False,False,False,False,True,False,False
'C1731163929','M348934600',0,1056.55,36,0,0.0,505119,0.0,0.0,61020,False,False,False,False,False,False,False,False,False,False,False,False,True,False,False
'C23049140','M348934600',0,1738.74,0,0,0.0,505119,0.0,0.0,232,False,False,False,False,False,False,False,False,False,False,False,False,True,False,False
'C1598533502','M1823072687',0,3496.35,89,0,0.0,505119,0.0,0.0,158658,False,False,False,False,False,False,False,False,False,False,False,False,True,False,False
'C1299368401','M1823072687',0,1637.46,132,0,0.0,505119,0.0,0.0,187067,False,False,False,False,False,False,False,False,False,False,False,False,True,False,False
'C1646712119','M348934600',0,5742.52,50,0,0.0,505119,0.0,0.0,86318,False,False,False,False,False,False,False,False,False,False,False,False,True,False,False
'C823379702','M1823072687',0,3601.61,146,0,0.0,505119,0.0,0.0,232318,False,False,False,False,False,False,False,False,False,False,False,False,True,False,False
'C476477241','M348934600',0,2342.49,106,0,0.0,505119,0.0,0.0,146422,False,False,False,False,False,False,False,False,False,False,False,False,True,False,False
'C590614528','M1823072687',0,1176.7,49,0,0.0,505119,0.0,0.0,42089,False,False,False,False,False,False,False,False,False,False,False,False,True,False,False
'C2144163136','M1823072687',0,2579.81,139,0,0.0,505119,0.0,0.0,210578,False,False,False,False,False,False,False,False,False,False,False,False,True,False,False
'C2134625729','M348934600',0,5265.88,126,0,0.0,505119,0.0,0.0,178749,False,False,False,False,False,False,False,False,False,False,False,False,True,False,False
'C47809392','M1823072687',0,2592.72,149,0,0.0,505119,0.0335570469798657,0.0,234973,False,False,False,False,False,False,False,False,False,False,False,False,True,False,False
'C1983995504','M1823072687',0,3003.82,102,0,0.0,505119,0.0,0.0,136615,False,False,False,False,False,False,False,False,False,False,False,False,True,False,False
'C2128712024','M348934600',0,237.33,27,0,0.0,505119,0.037037037037037,0.0,87341,False,False,False,False,False,False,False,False,False,False,False,False,True,False,False
'C771207119','M1823072687',0,1128.05,114,0,0.0,505119,0.0,0.0,155034,False,False,False,False,False,False,False,False,False,False,False,False,True,False,False
'C1820855004','M1913465890',0,15464.98,113,1,0.1051261389698134,16133,0.0,0.0,1511,False,False,False,False,True,False,False,False,False,False,False,False,False,False,False
'C299068475','M348934600',0,5655.14,64,0,0.0,505119,0.0,0.0,102475,False,False,False,False,False,False,False,False,False,False,False,False,True,False,False
'C320437746','M1823072687',0,2223.33,43,0,0.0,505119,0.0,0.0,38674,False,False,False,False,False,False,False,False,False,False,False,False,True,False,False
'C1814870538','M1823072687',0,2540.09,139,0,0.0,505119,0.0,0.0,211343,False,False,False,False,False,False,False,False,False,False,False,False,True,False,False
'C1645276019','M1823072687',0,49.65,38,0,0.0,505119,0.0,0.0,29483,False,False,False,False,False,False,False,False,False,False,False,False,True,False,False
'C1258725927','M348934600',0,1020.8,2,0,0.0,505119,0.0,0.0,5399,False,False,False,False,False,False,False,False,False,False,False,False,True,False,False
'C1178726445','M85975013',0,9008.5,71,1,0.0,26254,0.0,0.0,11582,False,False,False,True,False,False,False,False,False,False,False,False,False,False,False
'C1034685704','M348934600',0,2343.48,112,0,0.0,505119,0.0,0.0,174737,False,False,False,False,False,False,False,False,False,False,False,False,True,False,False
'C121798652','M348934600',0,4260.96,104,0,0.0,505119,0.0,0.0,154790,False,False,False,False,False,False,False,False,False,False,False,False,True,False,False
'C2005671734','M85975013',0,3669.14,161,0,0.0,26254,0.0062111801242236,0.0,24144,False,False,False,True,False,False,False,False,False,False,False,False,False,False,False
'C883803148','M348934600',0,3488.41,35,0,0.0,505119,0.0,0.0,63952,False,False,False,False,False,False,False,False,False,False,False,False,True,False,False
'C409331076','M348934600',0,3119.01,82,0,0.0,505119,0.0,0.0,121637,False,False,False,False,False,False,False,False,False,False,False,False,True,False,False
'C961515074','M1823072687',0,3557.92,4,0,0.0,505119,0.0,0.0,2063,False,False,False,False,False,False,False,False,False,False,False,False,True,False,False
'C169274898','M1823072687',0,119.16,142,0,0.0,505119,0.0,0.0,216797,False,False,False,False,False,False,False,False,False,False,False,False,True,False,False
'C2013867948','M1823072687',0,6829.85,80,0,0.0,505119,0.0125,0.0,264440,False,False,False,False,False,False,False,False,False,False,False,False,True,False,False
'C2145448250','M1823072687',0,2330.57,120,0,0.0,505119,0.0,0.0,176016,False,False,False,False,False,False,False,False,False,False,False,False,True,False,False
'C1037161656','M348934600',0,2216.38,97,0,0.0,505119,0.0,0.0,138918,False,False,False,False,False,False,False,False,False,False,False,False,True,False,False
'C927766810','M348934600',0,2220.35,99,0,0.0,505119,0.0202020202020202,0.0,143439,False,False,False,False,False,False,False,False,False,False,False,False,True,False,False
'C585317135','M1823072687',0,2185.59,166,0,0.0,505119,0.0,0.0,278921,False,False,False,False,False,False,False,False,False,False,False,False,True,False,False
'C416655198','M1823072687',0,4118.96,101,0,0.0,505119,0.0,0.0,127876,False,False,False,False,False,False,False,False,False,False,False,False,True,False,False
'C1360806205','M1823072687',0,3544.02,21,0,0.0,505119,0.0476190476190476,0.0,207084,False,False,False,False,False,False,False,False,False,False,False,False,True,False,False
'C330615170','M692898500',0,25376.12,13,1,0.1051261389698134,16133,0.5384615384615384,0.0260869565217391,460,False,False,False,False,True,False,False,False,False,False,False,False,False,False,False
'C497246334','M348934600',0,1736.76,4,0,0.0,505119,0.0,0.0,44197,False,False,False,False,False,False,False,False,False,False,False,False,True,False,False
'C2014438912','M151143676',0,458.77,14,0,0.0188294366860191,6373,0.0,0.0229095074455899,873,True,False,False,False,False,False,False,False,False,False,False,False,False,False,False
'C1657707912','M1823072687',0,3711.83,53,0,0.0,505119,0.0,0.0,53328,False,False,False,False,False,False,False,False,False,False,False,False,True,False,False
'C1928842916','M151143676',0,16564.23,14,1,0.0188294366860191,6373,0.4285714285714285,0.0154068367838228,2077,True,False,False,False,False,False,False,False,False,False,False,False,False,False,False
'C1934785516','M1823072687',0,2263.05,103,0,0.0,505119,0.0,0.0,136001,False,False,False,False,False,False,False,False,False,False,False,False,True,False,False
'C206074131','M1823072687',0,608.71,97,0,0.0,505119,0.0,0.0,140394,False,False,False,False,False,False,False,False,False,False,False,False,True,False,False
'C15485686','M348934600',0,673.25,15,0,0.0,505119,0.0,0.0,155017,False,False,False,False,False,False,False,False,False,False,False,False,True,False,False
'C1674674654','M348934600',0,4887.55,142,0,0.0,505119,0.0,0.0,183423,False,False,False,False,False,False,False,False,False,False,False,False,True,False,False
'C1901064095','M1823072687',0,1089.32,56,0,0.0,505119,0.0,0.0,61720,False,False,False,False,False,False,False,False,False,False,False,False,True,False,False
'C985732014','M1823072687',0,4550.92,146,0,0.0,505119,0.0,0.0,261070,False,False,False,False,False,False,False,False,False,False,False,False,True,False,False
'C1954474578','M1823072687',0,789.43,90,0,0.0,505119,0.0,0.0,117981,False,False,False,False,False,False,False,False,False,False,False,False,True,False,False
'C1537824739','M1823072687',0,1062.51,93,0,0.0,505119,0.0,0.0,120072,False,False,False,False,False,False,False,False,False,False,False,False,True,False,False
'C1648492699','M348934600',0,1040.66,121,0,0.0,505119,0.024793388429752,0.0,182779,False,False,False,False,False,False,False,False,False,False,False,False,True,False,False
'C742784538','M1823072687',0,2676.13,161,0,0.0,505119,0.0,0.0,269519,False,False,False,False,False,False,False,False,False,False,False,False,True,False,False
'C1791559714','M1823072687',0,2802.25,153,0,0.0,505119,0.0,0.0,235297,False,False,False,False,False,False,False,False,False,False,False,False,True,False,False
'C1499092508','M348934600',0,6379.03,122,0,0.0,505119,0.0,0.0,163339,False,False,False,False,False,False,False,False,False,False,False,False,True,False,False
'C880299982','M1823072687',0,2293.83,117,0,0.0,505119,0.0256410256410256,0.0,236026,False,False,False,False,False,False,False,False,False,False,False,False,True,False,False
'C412473162','M1823072687',0,4398.0,91,0,0.0,505119,0.0,0.0,253962,False,False,False,False,False,False,False,False,False,False,False,False,True,False,False
'C1192557067','M1823072687',0,2723.8,130,0,0.0,505119,0.0,0.0,255464,False,False,False,False,False,False,False,False,False,False,False,False,True,False,False
'C343535530','M1823072687',0,3689.99,83,0,0.0,505119,0.0120481927710843,0.0,297700,False,False,False,False,False,False,False,False,False,False,False,False,True,False,False
'C1349086787','M348934600',0,4075.27,123,0,0.0,505119,0.040650406504065,0.0,202082,False,False,False,False,False,False,False,False,False,False,False,False,True,False,False
'C1697851479','M1823072687',0,599.77,101,0,0.0,505119,0.0,0.0,133495,False,False,False,False,False,False,False,False,False,False,False,False,True,False,False
'C1389923471','M1823072687',0,4235.14,98,0,0.0,505119,0.0,0.0,148721,False,False,False,False,False,False,False,False,False,False,False,False,True,False,False
'C736721523','M1823072687',0,4337.42,120,0,0.0,505119,0.0333333333333333,0.0,286007,False,False,False,False,False,False,False,False,False,False,False,False,True,False,False
'C848738212','M1823072687',0,1963.16,93,0,0.0,505119,0.010752688172043,0.0,179369,False,False,False,False,False,False,False,False,False,False,False,False,True,False,False
'C1424475955','M348934600',0,2868.78,45,0,0.0,505119,0.0,0.0,75305,False,False,False,False,False,False,False,False,False,False,False,False,True,False,False
'C67418210','M1823072687',0,46.67,131,0,0.0,505119,0.0,0.0,191791,False,False,False,False,False,False,False,False,False,False,False,False,True,False,False
'C285545076','M1823072687',0,801.35,120,0,0.0,505119,0.0,0.0,171921,False,False,False,False,False,False,False,False,False,False,False,False,True,False,False
'C862633345','M348934600',0,1613.62,19,0,0.0,505119,0.0,0.0,32167,False,False,False,False,False,False,False,False,False,False,False,False,True,False,False
'C1002658784','M348934600',0,2960.13,31,0,0.0,505119,0.0,0.0,100100,False,False,False,False,False,False,False,False,False,False,False,False,True,False,False
'C1132565589','M348934600',0,1960.18,1,0,0.0,505119,0.0,0.0,4239,False,False,False,False,False,False,False,False,False,False,False,False,True,False,False
'C1607207670','M348934600',0,3803.19,95,0,0.0,505119,0.0105263157894736,0.0,201061,False,False,False,False,False,False,False,False,False,False,False,False,True,False,False
'C1279785305','M1823072687',0,3082.27,137,0,0.0,505119,0.0218978102189781,0.0,263907,False,False,False,False,False,False,False,False,False,False,False,False,True,False,False
'C1911281701','M348934600',0,3120.01,53,0,0.0,505119,0.0,0.0,84364,False,False,False,False,False,False,False,False,False,False,False,False,True,False,False
'C1718318682','M1823072687',0,6393.93,22,0,0.0,505119,0.0,0.0,14404,False,False,False,False,False,False,False,False,False,False,False,False,True,False,False
'C1290093162','M85975013',0,2253.12,65,0,0.0,26254,0.0,0.0,7524,False,False,False,True,False,False,False,False,False,False,False,False,False,False,False
'C1815278899','M1823072687',0,2221.34,23,0,0.0,505119,0.0,0.0,16796,False,False,False,False,False,False,False,False,False,False,False,False,True,False,False
'C1694165271','M348934600',0,1198.55,100,0,0.0,505119,0.0,0.0,142887,False,False,False,False,False,False,False,False,False,False,False,False,True,False,False
'C440111595','M348934600',0,3700.91,17,0,0.0,505119,0.0,0.0,31312,False,False,False,False,False,False,False,False,False,False,False,False,True,False,False
'C608547225','M348934600',0,185.69,32,0,0.0,505119,0.03125,0.0,56012,False,False,False,False,False,False,False,False,False,False,False,False,True,False,False
'C576436654','M348934600',0,5765.36,31,0,0.0,505119,0.064516129032258,0.0,54643,False,False,False,False,False,False,False,False,False,False,False,False,True,False,False
'C1922157108','M1823072687',0,2996.87,155,0,0.0,505119,0.0064516129032258,0.0,260221,False,False,False,False,False,False,False,False,False,False,False,False,True,False,False
'C1767929602','M348934600',0,2694.01,162,0,0.0,505119,0.0,0.0,203274,False,False,False,False,False,False,False,False,False,False,False,False,True,False,False
'C1297358265','M348934600',0,1129.04,104,0,0.0,505119,0.0,0.0,148952,False,False,False,False,False,False,False,False,False,False,False,False,True,False,False
'C546957379','M348934600',0,4049.45,14,0,0.0,505119,0.0,0.0,27468,False,False,False,False,False,False,False,False,False,False,False,False,True,False,False
'C2014169866','M1823072687',0,5695.85,63,0,0.0,505119,0.0,0.0,69238,False,False,False,False,False,False,False,False,False,False,False,False,True,False,False
'C1660830591','M1823072687',0,592.82,149,0,0.0,505119,0.0,0.0,239198,False,False,False,False,False,False,False,False,False,False,False,False,True,False,False
'C20027851','M348934600',0,2775.43,1,0,0.0,505119,0.0,0.0,107673,False,False,False,False,False,False,False,False,False,False,False,False,True,False,False
'C2042503226','M348934600',0,393.23,86,0,0.0,505119,0.0,0.0,133647,False,False,False,False,False,False,False,False,False,False,False,False,True,False,False
'C1122835446','M1823072687',0,5170.55,164,0,0.0,505119,0.0121951219512195,0.0,268945,False,False,False,False,False,False,False,False,False,False,False,False,True,False,False
'C856303631','M151143676',0,5747.48,23,0,0.0188294366860191,6373,0.0,0.0177276390008058,1241,True,False,False,False,False,False,False,False,False,False,False,False,False,False,False
'C1117403153','M348934600',0,1407.08,63,0,0.0,505119,0.0,0.0,98745,False,False,False,False,False,False,False,False,False,False,False,False,True,False,False
'C248927068','M1823072687',0,3967.04,68,0,0.0,505119,0.0,0.0,72637,False,False,False,False,False,False,False,False,False,False,False,False,True,False,False
'C1704116821','M1823072687',0,1298.84,64,0,0.0,505119,0.0,0.0,72313,False,False,False,False,False,False,False,False,False,False,False,False,True,False,False
'C203427830','M348934600',0,4606.53,23,0,0.0,505119,0.0,0.0,37969,False,False,False,False,False,False,False,False,False,False,False,False,True,False,False
'C1807970113','M1823072687',0,2101.19,80,0,0.0,505119,0.0,0.0,98764,False,False,False,False,False,False,False,False,False,False,False,False,True,False,False
'C1475317372','M1823072687',0,2621.52,44,0,0.0,505119,0.0,0.0,38009,False,False,False,False,False,False,False,False,False,False,False,False,True,False,False
'C859741683','M348934600',0,3696.94,15,0,0.0,505119,0.0,0.0,49846,False,False,False,False,False,False,False,False,False,False,False,False,True,False,False
'C197543842','M348934600',0,4114.99,20,0,0.0,505119,0.15,0.0,203323,False,False,False,False,False,False,False,False,False,False,False,False,True,False,False
'C536412201','M348934600',0,1459.71,71,0,0.0,505119,0.028169014084507,0.0,202716,False,False,False,False,False,False,False,False,False,False,False,False,True,False,False
'C998987490','M1823072687',0,6647.14,17,0,0.0,505119,0.0,0.0,9307,False,False,False,False,False,False,False,False,False,False,False,False,True,False,False
'C57136184','M348934600',0,2677.13,43,0,0.0,505119,0.0465116279069767,0.0,69931,False,False,False,False,False,False,False,False,False,False,False,False,True,False,False
'C841747618','M1823072687',0,1739.74,118,0,0.0,505119,0.0084745762711864,0.0,218145,False,False,False,False,False,False,False,False,False,False,False,False,True,False,False
'C1414374774','M1053599405',0,3455.64,62,0,0.1051261389698134,16133,0.0,0.0,4367,False,False,False,False,True,False,False,False,False,False,False,False,False,False,False
'C309780280','M1823072687',0,4462.54,6,0,0.0,505119,0.0,0.0,3802,False,False,False,False,False,False,False,False,False,False,False,False,True,False,False
'C404247926','M348934600',0,3769.43,61,0,0.0,505119,0.0,0.0,94088,False,False,False,False,False,False,False,False,False,False,False,False,True,False,False
'C107438779','M348934600',0,2819.13,2,0,0.0,505119,0.0,0.0,4244,False,False,False,False,False,False,False,False,False,False,False,False,True,False,False
'C1814746822','M1823072687',0,3019.71,28,0,0.0,505119,0.0,0.0,19853,False,False,False,False,False,False,False,False,False,False,False,False,True,False,False
'C1767103563','M85975013',0,6350.23,83,0,0.0,26254,0.0,0.0,8724,False,False,False,True,False,False,False,False,False,False,False,False,False,False,False
'C601235628','M348934600',0,5616.41,149,0,0.0,505119,0.0,0.0,190056,False,False,False,False,False,False,False,False,False,False,False,False,True,False,False
'C85142763','M348934600',0,1429.92,96,0,0.0,505119,0.0416666666666666,0.0,182238,False,False,False,False,False,False,False,False,False,False,False,False,True,False,False
'C465897830','M1198415165',0,1750.66,12,0,0.0475937955720535,15086,0.25,0.189922480620155,1032,False,False,False,False,False,False,False,False,False,False,False,False,False,False,True
'C290140685','M1823072687',0,1449.78,174,0,0.0,505119,0.0,0.0,285475,False,False,False,False,False,False,False,False,False,False,False,False,True,False,False
'C2011875751','M1823072687',0,2368.31,41,0,0.0,505119,0.048780487804878,0.0,103868,False,False,False,False,False,False,False,False,False,False,False,False,True,False,False
'C1293338653','M348934600',0,3242.14,25,0,0.0,505119,0.0,0.0,96558,False,False,False,False,False,False,False,False,False,False,False,False,True,False,False
'C1385115265','M1823072687',0,1586.81,141,0,0.0,505119,0.0,0.0,247835,False,False,False,False,False,False,False,False,False,False,False,False,True,False,False
'C883803148','M1823072687',0,3028.65,125,0,0.0,505119,0.0,0.0,202963,False,False,False,False,False,False,False,False,False,False,False,False,True,False,False
'C1465698425','M1823072687',0,523.31,151,0,0.0,505119,0.0,0.0,249224,False,False,False,False,False,False,False,False,False,False,False,False,True,False,False
'C841956493','M1823072687',0,3864.76,122,0,0.0,505119,0.0163934426229508,0.0,177311,False,False,False,False,False,False,False,False,False,False,False,False,True,False,False
'C1483054025','M348934600',0,2803.24,163,0,0.0,505119,0.0,0.0,196336,False,False,False,False,False,False,False,False,False,False,False,False,True,False,False
'C546386486','M1823072687',0,3189.52,109,0,0.0,505119,0.0825688073394495,0.0,165132,False,False,False,False,False,False,False,False,False,False,False,False,True,False,False
'C2057462116','M348934600',0,6209.23,32,0,0.0,505119,0.0,0.0,50264,False,False,False,False,False,False,False,False,False,False,False,False,True,False,False
'C480975116','M348934600',0,4613.48,97,0,0.0,505119,0.0,0.0,140540,False,False,False,False,False,False,False,False,False,False,False,False,True,False,False
'C902837455','M1823072687',0,471.68,34,0,0.0,505119,0.0,0.0,26644,False,False,False,False,False,False,False,False,False,False,False,False,True,False,False
'C576597517','M348934600',0,1731.79,32,0,0.0,505119,0.03125,0.0,91883,False,False,False,False,False,False,False,False,False,False,False,False,True,False,False
'C1354917220','M1823072687',0,1493.47,50,0,0.0,505119,0.0,0.0,52216,False,False,False,False,False,False,False,False,False,False,False,False,True,False,False
'C1396904959','M1823072687',0,2754.58,84,0,0.0,505119,0.0,0.0,106078,False,False,False,False,False,False,False,False,False,False,False,False,True,False,False
'C1723242462','M1823072687',0,2958.15,41,0,0.0,505119,0.0,0.0,38821,False,False,False,False,False,False,False,False,False,False,False,False,True,False,False
'C1808964355','M348934600',0,6632.25,89,0,0.0,505119,0.0,0.0,134191,False,False,False,False,False,False,False,False,False,False,False,False,True,False,False
'C1434853621','M348934600',0,781.49,133,0,0.0,505119,0.0,0.0,176912,False,False,False,False,False,False,False,False,False,False,False,False,True,False,False
'C1389923471','M85975013',0,5739.54,158,0,0.0,26254,0.0,0.0,25751,False,False,False,True,False,False,False,False,False,False,False,False,False,False,False
'C1788358708','M348934600',0,3005.81,27,0,0.0,505119,0.0,0.0,47397,False,False,False,False,False,False,False,False,False,False,False,False,True,False,False
'C303533554','M1823072687',0,5251.98,92,0,0.0,505119,0.0326086956521739,0.0,295099,False,False,False,False,False,False,False,False,False,False,False,False,True,False,False
'C447056233','M151143676',0,2415.97,3,0,0.0188294366860191,6373,0.3333333333333333,0.0155781905332534,1669,True,False,False,False,False,False,False,False,False,False,False,False,False,False,False
'C1227773968','M1946091778',0,3348.4,8,0,0.0475937955720535,15086,0.0,0.0,63,False,False,False,False,False,False,False,False,False,False,False,False,False,False,True
'C466569235','M1946091778',0,1563.97,41,0,0.0475937955720535,15086,0.0,0.0,621,False,False,False,False,False,False,False,False,False,False,False,False,False,False,True
'C728432657','M1053599405',0,7208.19,70,0,0.1051261389698134,16133,0.0285714285714285,0.0,3136,False,False,False,False,True,False,False,False,False,False,False,False,False,False,False
'C951689990','M1823072687',0,1586.81,135,0,0.0,505119,0.0074074074074074,0.0,195727,False,False,False,False,False,False,False,False,False,False,False,False,True,False,False
'C364635096','M1823072687',0,3976.96,102,0,0.0,505119,0.0,0.0,141576,False,False,False,False,False,False,False,False,False,False,False,False,True,False,False
'C1004109477','M1823072687',0,4040.52,127,0,0.0,505119,0.0,0.0,222510,False,False,False,False,False,False,False,False,False,False,False,False,True,False,False
'C1246760376','M1823072687',0,2564.92,47,0,0.0,505119,0.0,0.0,67502,False,False,False,False,False,False,False,False,False,False,False,False,True,False,False
'C1499363341','M1823072687',0,1614.62,123,0,0.0,505119,0.0,0.0,204967,False,False,False,False,False,False,False,False,False,False,False,False,True,False,False
'C891364505','M1823072687',0,3836.95,100,0,0.0,505119,0.0,0.0,124482,False,False,False,False,False,False,False,False,False,False,False,False,True,False,False
'C441989517','M348934600',0,1702.0,9,0,0.0,505119,0.0,0.0,18398,False,False,False,False,False,False,False,False,False,False,False,False,True,False,False
'C843083567','M348934600',0,971.15,6,0,0.0,505119,0.0,0.0,65359,False,False,False,False,False,False,False,False,False,False,False,False,True,False,False
'C695481887','M348934600',0,3217.32,16,0,0.0,505119,0.0,0.0,47149,False,False,False,False,False,False,False,False,False,False,False,False,True,False,False
'C1166337448','M348934600',0,1684.13,51,0,0.0,505119,0.0980392156862745,0.0,94493,False,False,False,False,False,False,False,False,False,False,False,False,True,False,False
'C1740004679','M348934600',0,3760.49,70,0,0.0,505119,0.0,0.0,103599,False,False,False,False,False,False,False,False,False,False,False,False,True,False,False
'C758849918','M1823072687',0,833.13,80,0,0.0,505119,0.05,0.0,169704,False,False,False,False,False,False,False,False,False,False,False,False,True,False,False
'C1763311989','M348934600',0,2051.54,17,0,0.0,505119,0.0,0.0,29568,False,False,False,False,False,False,False,False,False,False,False,False,True,False,False
'C168579211','M348934600',0,3999.8,17,0,0.0,505119,0.0,0.0,29545,False,False,False,False,False,False,False,False,False,False,False,False,True,False,False
'C324333692','M1823072687',0,731.84,124,0,0.0,505119,0.0,0.0,177065,False,False,False,False,False,False,False,False,False,False,False,False,True,False,False
'C1646349423','M348934600',0,1656.32,139,0,0.0,505119,0.0,0.0,187172,False,False,False,False,False,False,False,False,False,False,False,False,True,False,False
'C864725258','M209847108',0,11472.13,3,1,0.0475937955720535,15086,0.0,0.0416666666666666,96,False,False,False,False,False,False,False,False,False,False,False,False,False,False,True
'C1718318682','M1823072687',0,952.29,151,0,0.0,505119,0.0,0.0,235514,False,False,False,False,False,False,False,False,False,False,False,False,True,False,False
'C1253760419','M1823072687',0,2633.44,69,0,0.0,505119,0.0144927536231884,0.0,262843,False,False,False,False,False,False,False,False,False,False,False,False,True,False,False
'C1228152586','M348934600',0,3416.91,59,0,0.0,505119,0.0,0.0,93691,False,False,False,False,False,False,False,False,False,False,False,False,True,False,False
'C222098023','M1823072687',0,1485.53,166,0,0.0,505119,0.0,0.0,263589,False,False,False,False,False,False,False,False,False,False,False,False,True,False,False
'C579648989','M348934600',0,3202.42,60,0,0.0,505119,0.0,0.0,107293,False,False,False,False,False,False,False,False,False,False,False,False,True,False,False
'C1926972512','M1823072687',0,5315.53,46,0,0.0,505119,0.0,0.0,42836,False,False,False,False,False,False,False,False,False,False,False,False,True,False,False
'C1726895756','M1823072687',0,4430.77,66,0,0.0,505119,0.0454545454545454,0.0,158090,False,False,False,False,False,False,False,False,False,False,False,False,True,False,False
'C1626806996','M85975013',0,9543.72,34,1,0.0,26254,0.0,0.0,2473,False,False,False,True,False,False,False,False,False,False,False,False,False,False,False
'C417912401','M1823072687',0,1827.12,33,0,0.0,505119,0.0,0.0,25236,False,False,False,False,False,False,False,False,False,False,False,False,True,False,False
'C396716441','M1823072687',0,1663.27,153,0,0.0,505119,0.0,0.0,271363,False,False,False,False,False,False,False,False,False,False,False,False,True,False,False
'C1821035128','M1823072687',0,2557.97,6,0,0.0,505119,0.0,0.0,2845,False,False,False,False,False,False,False,False,False,False,False,False,True,False,False
'C798657650','M348934600',0,3285.84,101,0,0.0,505119,0.0,0.0,148120,False,False,False,False,False,False,False,False,False,False,False,False,True,False,False
'C270217031','M1823072687',0,1029.74,118,0,0.0,505119,0.0,0.0,175291,False,False,False,False,False,False,False,False,False,False,False,False,True,False,False
'C1489836575','M1823072687',0,3294.77,135,0,0.0,505119,0.0,0.0,215159,False,False,False,False,False,False,False,False,False,False,False,False,True,False,False
'C245908628','M348934600',0,754.68,107,0,0.0,505119,0.0,0.0,152041,False,False,False,False,False,False,False,False,False,False,False,False,True,False,False
'C350348759','M1823072687',0,95.33,129,0,0.0,505119,0.0,0.0,187972,False,False,False,False,False,False,False,False,False,False,False,False,True,False,False
'C1353776547','M348934600',0,4941.17,49,0,0.0,505119,0.0,0.0,113407,False,False,False,False,False,False,False,False,False,False,False,False,True,False,False
'C455036670','M1823072687',0,5108.99,150,0,0.0,505119,0.0,0.0,264326,False,False,False,False,False,False,False,False,False,False,False,False,True,False,False
'C152830802','M1823072687',0,5358.23,63,0,0.0,505119,0.0,0.0,60140,False,False,False,False,False,False,False,False,False,False,False,False,True,False,False
'C1559339990','M1823072687',0,4621.42,137,0,0.0,505119,0.0,0.0,211930,False,False,False,False,False,False,False,False,False,False,False,False,True,False,False
'C1691073795','M348934600',0,1804.28,67,0,0.0,505119,0.0597014925373134,0.0,104640,False,False,False,False,False,False,False,False,False,False,False,False,True,False,False
'C1123042802','M1823072687',0,814.26,120,0,0.0,505119,0.0,0.0,181421,False,False,False,False,False,False,False,False,False,False,False,False,True,False,False
'C2015203999','M1823072687',0,1723.85,94,0,0.0,505119,0.0,0.0,121360,False,False,False,False,False,False,False,False,False,False,False,False,True,False,False
'C1732609230','M348934600',0,483.59,27,0,0.0,505119,0.0,0.0,94626,False,False,False,False,False,False,False,False,False,False,False,False,True,False,False
'C1642689499','M348934600',0,1033.71,33,0,0.0,505119,0.0,0.0,55042,False,False,False,False,False,False,False,False,False,False,False,False,True,False,False
'C637831009','M348934600',0,3868.73,156,0,0.0,505119,0.0128205128205128,0.0,194807,False,False,False,False,False,False,False,False,False,False,False,False,True,False,False
'C1950870438','M1823072687',0,6389.95,74,0,0.0,505119,0.0,0.0,87076,False,False,False,False,False,False,False,False,False,False,False,False,True,False,False
'C1342849651','M1823072687',0,2749.62,81,0,0.0,505119,0.074074074074074,0.0,152509,False,False,False,False,False,False,False,False,False,False,False,False,True,False,False
'C1984017083','M151143676',0,3531.11,39,0,0.0188294366860191,6373,0.0,0.0145985401459854,2055,True,False,False,False,False,False,False,False,False,False,False,False,False,False,False
'C1967337226','M348934600',0,2067.43,108,0,0.0,505119,0.0,0.0,148968,False,False,False,False,False,False,False,False,False,False,False,False,True,False,False
'C1379018843','M85975013',0,4876.62,120,0,0.0,26254,0.0,0.0,14335,False,False,False,True,False,False,False,False,False,False,False,False,False,False,False
'C469822988','M1823072687',0,5546.9,97,0,0.0,505119,0.0,0.0,284080,False,False,False,False,False,False,False,False,False,False,False,False,True,False,False
'C1030975170','M1823072687',0,1531.21,32,0,0.0,505119,0.0,0.0,25607,False,False,False,False,False,False,False,False,False,False,False,False,True,False,False
'C703281362','M1823072687',0,3828.01,98,0,0.0,505119,0.0,0.0,138972,False,False,False,False,False,False,False,False,False,False,False,False,True,False,False
'C1105086283','M348934600',0,5025.57,26,0,0.0,505119,0.0,0.0,47587,False,False,False,False,False,False,False,False,False,False,False,False,True,False,False
'C125143024','M1823072687',0,1322.68,77,0,0.0,505119,0.0,0.0,93972,False,False,False,False,False,False,False,False,False,False,False,False,True,False,False
'C1476138873','M1823072687',0,3624.45,76,0,0.0,505119,0.0,0.0,85675,False,False,False,False,False,False,False,False,False,False,False,False,True,False,False
'C1469453217','M348934600',0,2241.2,95,0,0.0,505119,0.0,0.0,142249,False,False,False,False,False,False,False,False,False,False,False,False,True,False,False
'C2025967620','M348934600',0,5505.19,97,0,0.0,505119,0.0824742268041237,0.0,188549,False,False,False,False,False,False,False,False,False,False,False,False,True,False,False
'C380082625','M348934600',0,825.18,41,0,0.0,505119,0.0,0.0,148168,False,False,False,False,False,False,False,False,False,False,False,False,True,False,False
'C16891369','M348934600',0,2051.54,50,0,0.0,505119,0.0,0.0,81163,False,False,False,False,False,False,False,False,False,False,False,False,True,False,False
'C186769596','M1823072687',0,2247.16,130,0,0.0,505119,0.0,0.0,191693,False,False,False,False,False,False,False,False,False,False,False,False,True,False,False
'C2042324703','M348934600',0,3865.75,8,0,0.0,505119,0.0,0.0,36905,False,False,False,False,False,False,False,False,False,False,False,False,True,False,False
'C1731138845','M348934600',0,3408.97,44,0,0.0,505119,0.0,0.0,78910,False,False,False,False,False,False,False,False,False,False,False,False,True,False,False
'C1512444326','M1823072687',0,1791.37,139,0,0.0,505119,0.0,0.0,222796,False,False,False,False,False,False,False,False,False,False,False,False,True,False,False
'C318717540','M1823072687',0,174.77,149,0,0.0,505119,0.0,0.0,255438,False,False,False,False,False,False,False,False,False,False,False,False,True,False,False
'C1701618194','M1823072687',0,2101.19,4,0,0.0,505119,0.0,0.0,2615,False,False,False,False,False,False,False,False,False,False,False,False,True,False,False
'C825622087','M348934600',0,2493.42,90,0,0.0,505119,0.0,0.0,134973,False,False,False,False,False,False,False,False,False,False,False,False,True,False,False
'C78938440','M1823072687',0,2234.25,111,0,0.0,505119,0.0,0.0,158434,False,False,False,False,False,False,False,False,False,False,False,False,True,False,False
'C1028143403','M348934600',0,1661.29,8,0,0.0,505119,0.0,0.0,14114,False,False,False,False,False,False,False,False,False,False,False,False,True,False,False
'C158030246','M1823072687',0,4941.17,50,0,0.0,505119,0.0,0.0,44882,False,False,False,False,False,False,False,False,False,False,False,False,True,False,False
'C755108533','M348934600',0,757.66,42,0,0.0,505119,0.0,0.0,72670,False,False,False,False,False,False,False,False,False,False,False,False,True,False,False
'C507831273','M1823072687',0,4708.81,148,0,0.0,505119,0.0067567567567567,0.0,238361,False,False,False,False,False,False,False,False,False,False,False,False,True,False,False
'C1882290962','M348934600',0,2632.44,3,0,0.0,505119,0.0,0.0,92945,False,False,False,False,False,False,False,False,False,False,False,False,True,False,False
'C1697528836','M1823072687',0,1650.37,4,0,0.0,505119,0.0,0.0,2070,False,False,False,False,False,False,False,False,False,False,False,False,True,False,False
'C1361037703','M1823072687',0,5586.62,50,0,0.0,505119,0.0,0.0,47759,False,False,False,False,False,False,False,False,False,False,False,False,True,False,False
'C843090653','M1823072687',0,219.45,82,0,0.0,505119,0.0121951219512195,0.0,101884,False,False,False,False,False,False,False,False,False,False,False,False,True,False,False
'C1650590141','M348934600',0,4068.32,11,0,0.0,505119,0.0,0.0,20170,False,False,False,False,False,False,False,False,False,False,False,False,True,False,False
'C1171622243','M348934600',0,3339.46,49,0,0.0,505119,0.0204081632653061,0.0,81321,False,False,False,False,False,False,False,False,False,False,False,False,True,False,False
'C326815335','M348934600',0,4671.07,133,0,0.0,505119,0.0,0.0,179001,False,False,False,False,False,False,False,False,False,False,False,False,True,False,False
'C300112558','M348934600',0,322.72,40,0,0.0,505119,0.0,0.0,68254,False,False,False,False,False,False,False,False,False,False,False,False,True,False,False
'C1984083185','M348934600',0,1520.28,56,0,0.0,505119,0.0,0.0,123358,False,False,False,False,False,False,False,False,False,False,False,False,True,False,False
'C1906259613','M348934600',0,4099.1,122,0,0.0,505119,0.0245901639344262,0.0,172706,False,False,False,False,False,False,False,False,False,False,False,False,True,False,False
'C747353905','M1823072687',0,3248.1,37,0,0.0,505119,0.0,0.0,31152,False,False,False,False,False,False,False,False,False,False,False,False,True,False,False
'C1526175877','M85975013',0,6602.46,31,0,0.0,26254,0.0,0.0,2445,False,False,False,True,False,False,False,False,False,False,False,False,False,False,False
'C840928568','M348934600',0,1923.44,70,0,0.0,505119,0.0,0.0,115125,False,False,False,False,False,False,False,False,False,False,False,False,True,False,False
'C1129111658','M348934600',0,4608.51,19,0,0.0,505119,0.0,0.0,32910,False,False,False,False,False,False,False,False,False,False,False,False,True,False,False
'C1806072501','M1823072687',0,1522.27,87,0,0.0,505119,0.0,0.0,109403,False,False,False,False,False,False,False,False,False,False,False,False,True,False,False
'C604267980','M348934600',0,669.28,42,0,0.0,505119,0.0,0.0,100007,False,False,False,False,False,False,False,False,False,False,False,False,True,False,False
'C1967337226','M1823072687',0,4968.97,63,0,0.0,505119,0.0,0.0,66612,False,False,False,False,False,False,False,False,False,False,False,False,True,False,False
'C546386486','M1053599405',0,4476.44,136,0,0.1051261389698134,16133,0.0735294117647058,0.0,5112,False,False,False,False,True,False,False,False,False,False,False,False,False,False,False
'C93241312','M348934600',0,2255.1,104,0,0.0,505119,0.0,0.0,176002,False,False,False,False,False,False,False,False,False,False,False,False,True,False,False
'C466769207','M1823072687',0,1584.83,119,0,0.0,505119,0.0,0.0,178077,False,False,False,False,False,False,False,False,False,False,False,False,True,False,False
'C2037338028','M348934600',0,4402.96,81,0,0.0,505119,0.0,0.0,133221,False,False,False,False,False,False,False,False,False,False,False,False,True,False,False
'C616472041','M1823072687',0,3972.99,49,0,0.0,505119,0.0408163265306122,0.0,41767,False,False,False,False,False,False,False,False,False,False,False,False,True,False,False
'C1952937534','M85975013',0,7032.43,32,0,0.0,26254,0.0,0.0,2628,False,False,False,True,False,False,False,False,False,False,False,False,False,False,False
'C1174105749','M348934600',0,2590.74,70,0,0.0,505119,0.0,0.0,110254,False,False,False,False,False,False,False,False,False,False,False,False,True,False,False
'C3977999','M1823072687',0,2994.89,137,0,0.0,505119,0.0,0.0,208397,False,False,False,False,False,False,False,False,False,False,False,False,True,False,False
'C575345520','M348934600',0,2599.67,55,0,0.0,505119,0.0363636363636363,0.0,182336,False,False,False,False,False,False,False,False,False,False,False,False,True,False,False
'C1698214137','M1823072687',0,4218.26,133,0,0.0,505119,0.0,0.0,220348,False,False,False,False,False,False,False,False,False,False,False,False,True,False,False
'C229592862','M348934600',0,2649.32,20,0,0.0,505119,0.0,0.0,34784,False,False,False,False,False,False,False,False,False,False,False,False,True,False,False
'C262282046','M1823072687',0,1190.61,162,0,0.0,505119,0.0061728395061728,0.0,295571,False,False,False,False,False,False,False,False,False,False,False,False,True,False,False
'C188367998','M1823072687',0,2354.4,8,0,0.0,505119,0.0,0.0,3983,False,False,False,False,False,False,False,False,False,False,False,False,True,False,False
'C1491518488','M1823072687',0,923.49,22,0,0.0,505119,0.0,0.0,48498,False,False,False,False,False,False,False,False,False,False,False,False,True,False,False
'C285984841','M1823072687',0,260.17,60,0,0.0,505119,0.0,0.0,59608,False,False,False,False,False,False,False,False,False,False,False,False,True,False,False
'C1806072501','M1823072687',0,869.87,81,0,0.0,505119,0.0,0.0,95497,False,False,False,False,False,False,False,False,False,False,False,False,True,False,False
'C78230690','M1823072687',0,405.14,151,0,0.0,505119,0.0,0.0,255495,False,False,False,False,False,False,False,False,False,False,False,False,True,False,False
'C1154612561','M1823072687',0,1890.67,107,0,0.0,505119,0.0,0.0,141633,False,False,False,False,False,False,False,False,False,False,False,False,True,False,False
'C395508885','M1823072687',0,3197.46,104,0,0.0,505119,0.0,0.0,137279,False,False,False,False,False,False,False,False,False,False,False,False,True,False,False
'C638119430','M1823072687',0,3013.76,26,0,0.0,505119,0.0,0.0,33779,False,False,False,False,False,False,False,False,False,False,False,False,True,False,False
'C2088631865','M85975013',0,2263.05,78,0,0.0,26254,0.0128205128205128,0.0,13252,False,False,False,True,False,False,False,False,False,False,False,False,False,False,False
'C1233802034','M349281107',0,7377.99,75,0,0.0179733498605515,6454,0.0,0.0,1035,False,False,True,False,False,False,False,False,False,False,False,False,False,False,False
'C312072263','M348934600',0,6099.01,116,0,0.0,505119,0.0,0.0,187787,False,False,False,False,False,False,False,False,False,False,False,False,True,False,False
'C200511130','M1823072687',0,2849.91,79,0,0.0,505119,0.0,0.0,109282,False,False,False,False,False,False,False,False,False,False,False,False,True,False,False
'C2089485741','M348934600',0,3029.64,45,0,0.0,505119,0.0,0.0,72691,False,False,False,False,False,False,False,False,False,False,False,False,True,False,False
'C995746715','M480139044',0,2149.84,2,0,0.1051261389698134,16133,0.0,0.3335907335907336,1295,False,False,False,False,True,False,False,False,False,False,False,False,False,False,False
'C812882942','M85975013',0,3562.88,161,0,0.0,26254,0.0062111801242236,0.0,23497,False,False,False,True,False,False,False,False,False,False,False,False,False,False,False
'C897057254','M1823072687',0,596.79,83,0,0.0,505119,0.0,0.0,103711,False,False,False,False,False,False,False,False,False,False,False,False,True,False,False
'C1896147467','M1823072687',0,3476.49,93,0,0.0,505119,0.0,0.0,146626,False,False,False,False,False,False,False,False,False,False,False,False,True,False,False
'C2008428493','M1823072687',0,2421.93,93,0,0.0,505119,0.032258064516129,0.0,131123,False,False,False,False,False,False,False,False,False,False,False,False,True,False,False
'C1745468920','M1823072687',0,2135.94,147,0,0.0,505119,0.0,0.0,243621,False,False,False,False,False,False,False,False,False,False,False,False,True,False,False
'C576453501','M348934600',0,926.47,34,0,0.0,505119,0.0,0.0,60925,False,False,False,False,False,False,False,False,False,False,False,False,True,False,False
'C965801920','M348934600',0,2167.72,69,0,0.0,505119,0.072463768115942,0.0,155683,False,False,False,False,False,False,False,False,False,False,False,False,True,False,False
'C616472041','M348934600',0,3964.06,3,0,0.0,505119,0.0,0.0,4987,False,False,False,False,False,False,False,False,False,False,False,False,True,False,False
'C1309403692','M1823072687',0,4214.29,39,0,0.0,505119,0.0,0.0,122656,False,False,False,False,False,False,False,False,False,False,False,False,True,False,False
'C1140809068','M1823072687',0,1881.73,115,0,0.0,505119,0.0,0.0,265127,False,False,False,False,False,False,False,False,False,False,False,False,True,False,False
'C2051369004','M1823072687',0,72.49,130,0,0.0,505119,0.0538461538461538,0.0,262610,False,False,False,False,False,False,False,False,False,False,False,False,True,False,False
'C1620825260','M151143676',0,194.63,20,0,0.0188294366860191,6373,0.0,0.0149783208513992,2537,True,False,False,False,False,False,False,False,False,False,False,False,False,False,False
'C1530262146','M348934600',0,4787.25,165,0,0.0,505119,0.006060606060606,0.0,198284,False,False,False,False,False,False,False,False,False,False,False,False,True,False,False
'C1931570160','M349281107',0,12387.67,109,1,0.0179733498605515,6454,0.0,0.0,2323,False,False,True,False,False,False,False,False,False,False,False,False,False,False,False
'C806399525','M1823072687',0,3968.03,231,0,0.0,505119,0.5367965367965368,0.0,288947,False,False,False,False,False,False,False,False,False,False,False,False,True,False,False
'C1902378891','M1823072687',0,3413.93,56,0,0.0,505119,0.0,0.0,86397,False,False,False,False,False,False,False,False,False,False,False,False,True,False,False
'C1710387865','M348934600',0,65.54,63,0,0.0,505119,0.0,0.0,154085,False,False,False,False,False,False,False,False,False,False,False,False,True,False,False
'C951702775','M1823072687',0,1743.71,102,0,0.0,505119,0.0,0.0,134794,False,False,False,False,False,False,False,False,False,False,False,False,True,False,False
'C1365609574','M1823072687',0,2602.65,64,0,0.0,505119,0.0,0.0,76657,False,False,False,False,False,False,False,False,False,False,False,False,True,False,False
'C1927223566','M1823072687',0,1163.8,94,0,0.0,505119,0.0,0.0,129181,False,False,False,False,False,False,False,False,False,False,False,False,True,False,False
'C1767103563','M348934600',0,269.1,113,0,0.0,505119,0.0,0.0,151699,False,False,False,False,False,False,False,False,False,False,False,False,True,False,False
'C876944738','M1823072687',0,1263.1,89,0,0.0,505119,0.0,0.0,108570,False,False,False,False,False,False,False,False,False,False,False,False,True,False,False
'C477892356','M1823072687',0,4024.63,39,0,0.0,505119,0.0,0.0,152598,False,False,False,False,False,False,False,False,False,False,False,False,True,False,False
'C639558755','M348934600',0,4517.16,107,0,0.0,505119,0.0,0.0,149357,False,False,False,False,False,False,False,False,False,False,False,False,True,False,False
'C1461183154','M1823072687',0,547.14,102,0,0.0,505119,0.0,0.0,223277,False,False,False,False,False,False,False,False,False,False,False,False,True,False,False
'C1698085181','M1823072687',0,3626.44,106,0,0.0,505119,0.0,0.0,135402,False,False,False,False,False,False,False,False,False,False,False,False,True,False,False
'C1516949785','M348934600',0,3708.86,67,0,0.0,505119,0.0149253731343283,0.0,200856,False,False,False,False,False,False,False,False,False,False,False,False,True,False,False
'C536412201','M348934600',0,3360.31,50,0,0.0,505119,0.04,0.0,187305,False,False,False,False,False,False,False,False,False,False,False,False,True,False,False
'C1295945354','M1823072687',0,4022.64,117,0,0.0,505119,0.0,0.0,172369,False,False,False,False,False,False,False,False,False,False,False,False,True,False,False
'C58324694','M85975013',0,117.17,37,0,0.0,26254,0.0,0.0,2850,False,False,False,True,False,False,False,False,False,False,False,False,False,False,False
'C1763311989','M348934600',0,717.94,28,0,0.0,505119,0.0,0.0,45968,False,False,False,False,False,False,False,False,False,False,False,False,True,False,False
'C380911997','M1823072687',0,2452.71,51,0,0.0,505119,0.0,0.0,47676,False,False,False,False,False,False,False,False,False,False,False,False,True,False,False
'C447509116','M348934600',0,3992.85,114,0,0.0,505119,0.0,0.0,156965,False,False,False,False,False,False,False,False,False,False,False,False,True,False,False
'C1530098029','M1823072687',0,3667.15,68,0,0.0,505119,0.0,0.0,76610,False,False,False,False,False,False,False,False,False,False,False,False,True,False,False
'C775101977','M348934600',0,1456.73,71,0,0.0,505119,0.0,0.0,111381,False,False,False,False,False,False,False,False,False,False,False,False,True,False,False
'C1255149927','M1823072687',0,3678.07,46,0,0.0,505119,0.0,0.0,41212,False,False,False,False,False,False,False,False,False,False,False,False,True,False,False
'C742560751','M348934600',0,3287.82,25,0,0.0,505119,0.0,0.0,45168,False,False,False,False,False,False,False,False,False,False,False,False,True,False,False
'C1491518488','M1823072687',0,4930.24,129,0,0.0,505119,0.0,0.0,266836,False,False,False,False,False,False,False,False,False,False,False,False,True,False,False
'C461669469','M1913465890',0,9595.36,138,1,0.1051261389698134,16133,0.0,0.0,2358,False,False,False,False,True,False,False,False,False,False,False,False,False,False,False
'C906611945','M1823072687',0,4423.81,121,0,0.0,505119,0.0165289256198347,0.0,186349,False,False,False,False,False,False,False,False,False,False,False,False,True,False,False
'C450845582','M1823072687',0,2946.23,54,0,0.0,505119,0.0,0.0,55866,False,False,False,False,False,False,False,False,False,False,False,False,True,False,False
'C1740186506','M85975013',0,2811.18,130,0,0.0,26254,0.0,0.0,16786,False,False,False,True,False,False,False,False,False,False,False,False,False,False,False
'C290140685','M1823072687',0,1866.84,133,0,0.0,505119,0.0,0.0,193796,False,False,False,False,False,False,False,False,False,False,False,False,True,False,False
'C379301962','M348934600',0,6405.84,15,0,0.0,505119,0.0,0.0,72215,False,False,False,False,False,False,False,False,False,False,False,False,True,False,False
'C821630606','M1823072687',0,6491.24,171,0,0.0,505119,0.0,0.0,289802,False,False,False,False,False,False,False,False,False,False,False,False,True,False,False
'C25759288','M1823072687',0,4614.47,94,0,0.0,505119,0.0,0.0,128773,False,False,False,False,False,False,False,False,False,False,False,False,True,False,False
'C1979396384','M692898500',0,11546.6,46,1,0.1051261389698134,16133,0.0217391304347826,0.0174165457184325,689,False,False,False,False,True,False,False,False,False,False,False,False,False,False,False
'C506520283','M348934600',0,467.7,65,0,0.0,505119,0.0,0.0,104503,False,False,False,False,False,False,False,False,False,False,False,False,True,False,False
'C901025251','M1823072687',0,2614.57,150,0,0.0,505119,0.0,0.0,249644,False,False,False,False,False,False,False,False,False,False,False,False,True,False,False
'C1490935984','M348934600',0,1863.86,23,0,0.0,505119,0.3043478260869565,0.0,184814,False,False,False,False,False,False,False,False,False,False,False,False,True,False,False
'C2042324703','M1823072687',0,2567.9,41,0,0.0,505119,0.0,0.0,53799,False,False,False,False,False,False,False,False,False,False,False,False,True,False,False
'C1615801620','M1823072687',0,737.8,63,0,0.0,505119,0.0,0.0,65880,False,False,False,False,False,False,False,False,False,False,False,False,True,False,False
'C1048588440','M1823072687',0,481.6,37,0,0.0,505119,0.0,0.0,33243,False,False,False,False,False,False,False,False,False,False,False,False,True,False,False
'C609452246','M349281107',0,2968.08,114,0,0.0179733498605515,6454,0.0,0.0,1679,False,False,True,False,False,False,False,False,False,False,False,False,False,False,False
'C46234453','M1823072687',0,3876.67,159,0,0.0,505119,0.0,0.0,261608,False,False,False,False,False,False,False,False,False,False,False,False,True,False,False
'C1617547021','M1823072687',0,5017.63,93,0,0.0,505119,0.021505376344086,0.0,298164,False,False,False,False,False,False,False,False,False,False,False,False,True,False,False
'C914285365','M1823072687',0,2961.13,48,0,0.0,505119,0.0,0.0,45071,False,False,False,False,False,False,False,False,False,False,False,False,True,False,False
'C1098443227','M1823072687',0,1290.9,71,0,0.0,505119,0.0,0.0,99996,False,False,False,False,False,False,False,False,False,False,False,False,True,False,False
'C1076053396','M1823072687',0,2488.46,100,0,0.0,505119,0.01,0.0,128950,False,False,False,False,False,False,False,False,False,False,False,False,True,False,False
'C911735174','M1823072687',0,438.91,30,0,0.0,505119,0.0,0.0,24939,False,False,False,False,False,False,False,False,False,False,False,False,True,False,False
'C689850593','M1823072687',0,2092.25,72,0,0.0,505119,0.0,0.0,87964,False,False,False,False,False,False,False,False,False,False,False,False,True,False,False
'C297432139','M1823072687',0,3724.74,77,0,0.0,505119,0.0519480519480519,0.0,184539,False,False,False,False,False,False,False,False,False,False,False,False,True,False,False
'C299858046','M348934600',0,990.02,58,0,0.0,505119,0.0,0.0,88166,False,False,False,False,False,False,False,False,False,False,False,False,True,False,False
'C1718591511','M1823072687',0,3881.64,50,0,0.0,505119,0.0,0.0,53224,False,False,False,False,False,False,False,False,False,False,False,False,True,False,False
'C1333661820','M348934600',0,3293.78,20,0,0.0,505119,0.0,0.0,33516,False,False,False,False,False,False,False,False,False,False,False,False,True,False,False
'C2072009750','M348934600',0,6021.55,15,0,0.0,505119,0.0,0.0,32343,False,False,False,False,False,False,False,False,False,False,False,False,True,False,False
'C1497895052','M1823072687',0,996.97,87,0,0.0,505119,0.0,0.0,103689,False,False,False,False,False,False,False,False,False,False,False,False,True,False,False
'C1345265337','M348934600',0,1116.13,107,0,0.0,505119,0.0186915887850467,0.0,150645,False,False,False,False,False,False,False,False,False,False,False,False,True,False,False
'C1341662543','M1823072687',0,427.98,99,0,0.0,505119,0.0,0.0,179537,False,False,False,False,False,False,False,False,False,False,False,False,True,False,False
'C128812892','M85975013',0,796.39,57,0,0.0,26254,0.0175438596491228,0.0,6140,False,False,False,True,False,False,False,False,False,False,False,False,False,False,False
'C486996910','M348934600',0,2964.11,49,0,0.0,505119,0.0204081632653061,0.0,88326,False,False,False,False,False,False,False,False,False,False,False,False,True,False,False
'C1754543106','M348934600',0,2105.16,115,0,0.0,505119,0.0,0.0,165097,False,False,False,False,False,False,False,False,False,False,False,False,True,False,False
'C1297995542','M1823072687',0,1740.73,141,0,0.0,505119,0.0,0.0,222871,False,False,False,False,False,False,False,False,False,False,False,False,True,False,False
'C710270523','M1535107174',0,8211.12,4,1,0.0475937955720535,15086,0.0,0.0577069096431283,1317,False,False,False,False,False,False,False,False,False,False,False,False,False,False,True
'C1988025089','M348934600',0,6.95,45,0,0.0,505119,0.0,0.0,70355,False,False,False,False,False,False,False,False,False,False,False,False,True,False,False
'C1718318682','M1823072687',0,2516.26,161,0,0.0,505119,0.0,0.0,260357,False,False,False,False,False,False,False,False,False,False,False,False,True,False,False
'C1054818236','M1823072687',0,3057.45,135,0,0.0,505119,0.0,0.0,205582,False,False,False,False,False,False,False,False,False,False,False,False,True,False,False
'C1882101149','M1823072687',0,570.98,49,0,0.0,505119,0.0,0.0,43257,False,False,False,False,False,False,False,False,False,False,False,False,True,False,False
'C490092965','M855959430',0,2660.25,56,0,0.0459166939980321,6098,0.0,0.0362347380858605,2539,False,False,False,False,False,False,False,True,False,False,False,False,False,False,False
'C2085650948','M1823072687',0,1102.23,133,0,0.0,505119,0.0,0.0,195416,False,False,False,False,False,False,False,False,False,False,False,False,True,False,False
'C183456137','M85975013',0,294.92,14,0,0.0,26254,0.3571428571428571,0.0,19105,False,False,False,True,False,False,False,False,False,False,False,False,False,False,False
'C1410823375','M1823072687',0,2631.45,115,0,0.0,505119,0.0434782608695652,0.0,236939,False,False,False,False,False,False,False,False,False,False,False,False,True,False,False
'C259158925','M348934600',0,4934.22,145,0,0.0,505119,0.0,0.0,197850,False,False,False,False,False,False,False,False,False,False,False,False,True,False,False
'C10745331','M1823072687',0,4109.03,54,0,0.0,505119,0.0,0.0,57882,False,False,False,False,False,False,False,False,False,False,False,False,True,False,False
'C1511894714','M1823072687',0,4064.35,73,0,0.0,505119,0.0,0.0,138699,False,False,False,False,False,False,False,False,False,False,False,False,True,False,False
'C1873506157','M1946091778',0,9557.62,160,1,0.0475937955720535,15086,0.0,0.0,4934,False,False,False,False,False,False,False,False,False,False,False,False,False,False,True
'C1697472909','M1823072687',0,3508.27,108,0,0.0,505119,0.0,0.0,163785,False,False,False,False,False,False,False,False,False,False,False,False,True,False,False
'C617323407','M1535107174',0,555.09,0,0,0.0475937955720535,15086,0.0,0.06,100,False,False,False,False,False,False,False,False,False,False,False,False,False,False,True
'C1385406679','M348934600',0,1063.5,153,0,0.0,505119,0.0065359477124183,0.0,200982,False,False,False,False,False,False,False,False,False,False,False,False,True,False,False
'C59912595','M348934600',0,842.06,0,0,0.0,505119,0.0,0.0,740,False,False,False,False,False,False,False,False,False,False,False,False,True,False,False
'C1228157206','M1946091778',0,9607.27,153,1,0.0475937955720535,15086,0.0,0.0,4552,False,False,False,False,False,False,False,False,False,False,False,False,False,False,True
'C1564693206','M1823072687',0,173.78,4,0,0.0,505119,0.0,0.0,29822,False,False,False,False,False,False,False,False,False,False,False,False,True,False,False
'C1982277917','M348934600',0,4130.88,43,0,0.0,505119,0.0930232558139534,0.0,186129,False,False,False,False,False,False,False,False,False,False,False,False,True,False,False
'C2704357','M348934600',0,4315.58,56,0,0.0,505119,0.0,0.0,97407,False,False,False,False,False,False,False,False,False,False,False,False,True,False,False
'C1890075917','M1823072687',0,2107.15,123,0,0.0,505119,0.008130081300813,0.0,295967,False,False,False,False,False,False,False,False,False,False,False,False,True,False,False
'C976805632','M348934600',0,633.53,12,0,0.0,505119,0.0833333333333333,0.0,201072,False,False,False,False,False,False,False,False,False,False,False,False,True,False,False
'C913863966','M1823072687',0,5935.16,110,0,0.0,505119,0.009090909090909,0.0,162078,False,False,False,False,False,False,False,False,False,False,False,False,True,False,False
'C1542255731','M348934600',0,6191.35,81,0,0.0,505119,0.0,0.0,128371,False,False,False,False,False,False,False,False,False,False,False,False,True,False,False
'C429242189','M348934600',0,5164.59,62,0,0.0,505119,0.0,0.0,101338,False,False,False,False,False,False,False,False,False,False,False,False,True,False,False
'C391642320','M1823072687',0,631.55,36,0,0.0,505119,0.0,0.0,27548,False,False,False,False,False,False,False,False,False,False,False,False,True,False,False
'C200459252','M1823072687',0,1516.31,111,0,0.0,505119,0.0,0.0,143646,False,False,False,False,False,False,False,False,False,False,False,False,True,False,False
'C476477241','M1823072687',0,2966.09,122,0,0.0,505119,0.0,0.0,174162,False,False,False,False,False,False,False,False,False,False,False,False,True,False,False
'C2100371435','M85975013',0,1805.27,93,0,0.0,26254,0.064516129032258,0.0,18651,False,False,False,True,False,False,False,False,False,False,False,False,False,False,False
'C1350793893','M855959430',0,5625.34,17,0,0.0459166939980321,6098,0.0,0.0315533980582524,824,False,False,False,False,False,False,False,True,False,False,False,False,False,False,False
'C1441133487','M348934600',0,3547.99,85,0,0.0,505119,0.0235294117647058,0.0,125672,False,False,False,False,False,False,False,False,False,False,False,False,True,False,False
'C403631555','M1823072687',0,2651.31,125,0,0.0,505119,0.0,0.0,183428,False,False,False,False,False,False,False,False,False,False,False,False,True,False,False
'C1870640785','M1823072687',0,2334.54,78,0,0.0,505119,0.0,0.0,96093,False,False,False,False,False,False,False,False,False,False,False,False,True,False,False
'C1698653726','M1823072687',0,2489.45,114,0,0.0,505119,0.0,0.0,188484,False,False,False,False,False,False,False,False,False,False,False,False,True,False,False
'C1196149230','M1823072687',0,1836.06,129,0,0.0,505119,0.0,0.0,211389,False,False,False,False,False,False,False,False,False,False,False,False,True,False,False
'C1692355722','M1823072687',0,719.92,98,0,0.0,505119,0.0,0.0,136973,False,False,False,False,False,False,False,False,False,False,False,False,True,False,False
'C1204046804','M348934600',0,1889.68,131,0,0.0,505119,0.0,0.0,167936,False,False,False,False,False,False,False,False,False,False,False,False,True,False,False
'C879614402','M348934600',0,4608.51,17,0,0.0,505119,0.0,0.0,30727,False,False,False,False,False,False,False,False,False,False,False,False,True,False,False
'C781096653','M1823072687',0,3187.53,90,0,0.0,505119,0.0,0.0,114805,False,False,False,False,False,False,False,False,False,False,False,False,True,False,False
'C662931726','M1823072687',0,1603.69,149,0,0.0,505119,0.0,0.0,246905,False,False,False,False,False,False,False,False,False,False,False,False,True,False,False
'C901400531','M1823072687',0,3034.61,152,0,0.0,505119,0.0,0.0,250828,False,False,False,False,False,False,False,False,False,False,False,False,True,False,False
'C1275518867','M348934600',0,1455.74,221,0,0.0,505119,0.502262443438914,0.0,183527,False,False,False,False,False,False,False,False,False,False,False,False,True,False,False
'C213197624','M1823072687',0,2293.83,57,0,0.0,505119,0.0,0.0,54440,False,False,False,False,False,False,False,False,False,False,False,False,True,False,False
'C781322360','M348934600',0,4985.85,3,0,0.0,505119,0.0,0.0,5950,False,False,False,False,False,False,False,False,False,False,False,False,True,False,False
'C1692967183','M1823072687',0,1578.87,78,0,0.0,505119,0.0,0.0,106552,False,False,False,False,False,False,False,False,False,False,False,False,True,False,False
'C1978080967','M855959430',0,3409.96,82,0,0.0459166939980321,6098,0.0,0.0389071038251366,4575,False,False,False,False,False,False,False,True,False,False,False,False,False,False,False
'C100045114','M348934600',0,3291.79,82,0,0.0,505119,0.048780487804878,0.0,188565,False,False,False,False,False,False,False,False,False,False,False,False,True,False,False
'C1350068848','M1823072687',0,1081.38,155,0,0.0,505119,0.0,0.0,281118,False,False,False,False,False,False,False,False,False,False,False,False,True,False,False
'C87697988','M1913465890',0,2047.57,103,0,0.1051261389698134,16133,0.0,0.0,1872,False,False,False,False,True,False,False,False,False,False,False,False,False,False,False
'C1079965849','M348934600',0,3852.84,53,0,0.0,505119,0.0,0.0,133249,False,False,False,False,False,False,False,False,False,False,False,False,True,False,False
'C900337975','M348934600',0,2178.64,37,0,0.0,505119,0.0,0.0,127723,False,False,False,False,False,False,False,False,False,False,False,False,True,False,False
'C1032319289','M85975013',0,35.75,46,0,0.0,26254,0.108695652173913,0.0,3061,False,False,False,True,False,False,False,False,False,False,False,False,False,False,False
'C1897708405','M348934600',0,4380.12,42,0,0.0,505119,0.0,0.0,166743,False,False,False,False,False,False,False,False,False,False,False,False,True,False,False
'C1620825260','M1823072687',0,1906.56,69,0,0.0,505119,0.0,0.0,146695,False,False,False,False,False,False,False,False,False,False,False,False,True,False,False
'C1963617384','M1823072687',0,6738.5,9,0,0.0,505119,0.0,0.0,5431,False,False,False,False,False,False,False,False,False,False,False,False,True,False,False
'C812882942','M1823072687',0,694.11,95,0,0.0,505119,0.0105263157894736,0.0,127461,False,False,False,False,False,False,False,False,False,False,False,False,True,False,False
'C1610565169','M1823072687',0,2505.34,83,0,0.0,505119,0.0,0.0,133418,False,False,False,False,False,False,False,False,False,False,False,False,True,False,False
'C911078435','M348934600',0,4521.13,12,0,0.0,505119,0.0,0.0,23129,False,False,False,False,False,False,False,False,False,False,False,False,True,False,False
'C1267749701','M85975013',0,2632.44,95,0,0.0,26254,0.0,0.0,10183,False,False,False,True,False,False,False,False,False,False,False,False,False,False,False
'C1254064510','M1823072687',0,1041.66,147,0,0.0,505119,0.0,0.0,225647,False,False,False,False,False,False,False,False,False,False,False,False,True,False,False
'C1336232196','M348934600',0,6726.58,125,0,0.0,505119,0.016,0.0,170471,False,False,False,False,False,False,False,False,False,False,False,False,True,False,False
'C1862169273','M1823072687',0,1841.02,127,0,0.0,505119,0.0,0.0,194112,False,False,False,False,False,False,False,False,False,False,False,False,True,False,False
'C1956908177','M348934600',0,1613.62,128,0,0.0,505119,0.0,0.0,182177,False,False,False,False,False,False,False,False,False,False,False,False,True,False,False
'C1542180842','M1823072687',0,179.73,54,0,0.0,505119,0.0,0.0,49621,False,False,False,False,False,False,False,False,False,False,False,False,True,False,False
'C1104044396','M348934600',0,3416.91,35,0,0.0,505119,0.0,0.0,65868,False,False,False,False,False,False,False,False,False,False,False,False,True,False,False
'C252172114','M1823072687',0,121.15,159,0,0.0,505119,0.0,0.0,268382,False,False,False,False,False,False,False,False,False,False,False,False,True,False,False
'C1722987449','M348934600',0,8155.51,10,1,0.0,505119,0.0,0.0,22216,False,False,False,False,False,False,False,False,False,False,False,False,True,False,False
'C1163635747','M348934600',0,3773.4,0,0,0.0,505119,0.0,0.0,4724,False,False,False,False,False,False,False,False,False,False,False,False,True,False,False
'C1266329800','M1823072687',0,1733.78,122,0,0.0,505119,0.0,0.0,200070,False,False,False,False,False,False,False,False,False,False,False,False,True,False,False
'C2137381129','M50039827',0,11774.0,6,1,0.1051261389698134,16133,0.5,0.0340632603406326,411,False,False,False,False,True,False,False,False,False,False,False,False,False,False,False
'C128812892','M151143676',0,1460.7,18,0,0.0188294366860191,6373,0.0555555555555555,0.016820857863751,1189,True,False,False,False,False,False,False,False,False,False,False,False,False,False,False
'C30374753','M348934600',0,75.47,33,0,0.0,505119,0.0,0.0,61405,False,False,False,False,False,False,False,False,False,False,False,False,True,False,False
'C706685788','M1823072687',0,4989.82,105,0,0.0,505119,0.0095238095238095,0.0,144016,False,False,False,False,False,False,False,False,False,False,False,False,True,False,False
'C85388733','M1823072687',0,5205.31,90,0,0.0,505119,0.0222222222222222,0.0,226384,False,False,False,False,False,False,False,False,False,False,False,False,True,False,False
'C1900716037','M348934600',0,1042.65,148,0,0.0,505119,0.0,0.0,201331,False,False,False,False,False,False,False,False,False,False,False,False,True,False,False
'C1488142454','M1823072687',0,3133.91,61,0,0.0,505119,0.0,0.0,59769,False,False,False,False,False,False,False,False,False,False,False,False,True,False,False
'C1255643141','M348934600',0,999.95,176,0,0.0,505119,0.0056818181818181,0.0,205264,False,False,False,False,False,False,False,False,False,False,False,False,True,False,False
'C1830714840','M1823072687',0,1948.27,113,0,0.0,505119,0.0,0.0,160140,False,False,False,False,False,False,False,False,False,False,False,False,True,False,False
'C680687990','M348934600',0,1468.65,24,0,0.0,505119,0.0,0.0,43954,False,False,False,False,False,False,False,False,False,False,False,False,True,False,False
'C2051145244','M348934600',0,359.47,74,0,0.0,505119,0.0,0.0,120403,False,False,False,False,False,False,False,False,False,False,False,False,True,False,False
'C469059843','M1053599405',0,17261.32,39,1,0.1051261389698134,16133,0.0,0.0,805,False,False,False,False,True,False,False,False,False,False,False,False,False,False,False
'C994739890','M1823072687',0,97.31,94,0,0.0,505119,0.0,0.0,123628,False,False,False,False,False,False,False,False,False,False,False,False,True,False,False
'C1780497356','M1823072687',0,4658.16,113,0,0.0,505119,0.0088495575221238,0.0,200000,False,False,False,False,False,False,False,False,False,False,False,False,True,False,False
'C11453786','M1823072687',0,4476.44,132,0,0.0,505119,0.0151515151515151,0.0,197974,False,False,False,False,False,False,False,False,False,False,False,False,True,False,False
'C1461258616','M348934600',0,4489.35,116,0,0.0,505119,0.0,0.0,198829,False,False,False,False,False,False,False,False,False,False,False,False,True,False,False
'C123623130','M348934600',0,4821.01,136,0,0.0,505119,0.0073529411764705,0.0,181814,False,False,False,False,False,False,False,False,False,False,False,False,True,False,False
'C1839662768','M1823072687',0,747.73,84,0,0.0,505119,0.0476190476190476,0.0,184183,False,False,False,False,False,False,False,False,False,False,False,False,True,False,False
'C1918064652','M1823072687',0,3206.4,89,0,0.0,505119,0.0,0.0,111197,False,False,False,False,False,False,False,False,False,False,False,False,True,False,False
'C1207205377','M348934600',0,1445.81,55,0,0.0,505119,0.0,0.0,91967,False,False,False,False,False,False,False,False,False,False,False,False,True,False,False
'C2068909690','M348934600',0,3332.51,42,0,0.0,505119,0.0,0.0,80766,False,False,False,False,False,False,False,False,False,False,False,False,True,False,False
'C1566647188','M348934600',0,5856.71,14,0,0.0,505119,0.0,0.0,28181,False,False,False,False,False,False,False,False,False,False,False,False,True,False,False
'C1522289895','M1823072687',0,2277.94,50,0,0.0,505119,0.0,0.0,47461,False,False,False,False,False,False,False,False,False,False,False,False,True,False,False
'C684162308','M348934600',0,22.84,36,0,0.0,505119,0.0277777777777777,0.0,172395,False,False,False,False,False,False,False,False,False,False,False,False,True,False,False
'C1192557067','M85975013',0,1044.64,96,0,0.0,26254,0.0,0.0,15176,False,False,False,True,False,False,False,False,False,False,False,False,False,False,False
'C732095806','M1823072687',0,1559.01,60,0,0.0,505119,0.0166666666666666,0.0,58288,False,False,False,False,False,False,False,False,False,False,False,False,True,False,False
'C514238360','M1823072687',0,4834.92,41,0,0.0,505119,0.0,0.0,214783,False,False,False,False,False,False,False,False,False,False,False,False,True,False,False
'C2038018161','M1823072687',0,969.17,47,0,0.0,505119,0.0,0.0,44298,False,False,False,False,False,False,False,False,False,False,False,False,True,False,False
'C353418507','M1823072687',0,2856.86,13,0,0.0,505119,0.0,0.0,78340,False,False,False,False,False,False,False,False,False,False,False,False,True,False,False
'C262404738','M1823072687',0,5700.81,166,0,0.0,505119,0.0,0.0,288802,False,False,False,False,False,False,False,False,False,False,False,False,True,False,False
'C1715139','M348934600',0,2995.88,119,0,0.0,505119,0.0,0.0,192484,False,False,False,False,False,False,False,False,False,False,False,False,True,False,False
'C735039923','M1600850729',0,9771.12,39,1,0.0179733498605515,6454,0.0,0.0,553,False,False,True,False,False,False,False,False,False,False,False,False,False,False,False
'C306854291','M348934600',0,4781.3,96,0,0.0,505119,0.0,0.0,141770,False,False,False,False,False,False,False,False,False,False,False,False,True,False,False
'C261768480','M1823072687',0,1266.08,88,0,0.0,505119,0.0,0.0,123998,False,False,False,False,False,False,False,False,False,False,False,False,True,False,False
'C1151799720','M1823072687',0,1086.34,90,0,0.0,505119,0.0,0.0,113408,False,False,False,False,False,False,False,False,False,False,False,False,True,False,False
'C1039390058','M348934600',0,4033.57,77,0,0.0,505119,0.0,0.0,118620,False,False,False,False,False,False,False,False,False,False,False,False,True,False,False
'C2111849765','M348934600',0,3181.57,84,0,0.0,505119,0.0,0.0,127335,False,False,False,False,False,False,False,False,False,False,False,False,True,False,False
'C205797331','M840466850',0,24131.89,52,1,0.0666666666666666,2370,0.0,0.1387283236994219,346,False,False,False,False,False,False,False,False,False,False,False,True,False,False,False
'C39112485','M1823072687',0,5647.19,119,0,0.0,505119,0.0168067226890756,0.0,169074,False,False,False,False,False,False,False,False,False,False,False,False,True,False,False
'C1191796691','M348934600',0,4882.58,14,0,0.0,505119,0.0,0.0,25623,False,False,False,False,False,False,False,False,False,False,False,False,True,False,False
'C356873706','M348934600',0,1910.53,160,0,0.0,505119,0.0,0.0,201004,False,False,False,False,False,False,False,False,False,False,False,False,True,False,False
'C1321650743','M348934600',0,1253.17,31,0,0.0,505119,0.0,0.0,84619,False,False,False,False,False,False,False,False,False,False,False,False,True,False,False
'C564473555','M348934600',0,1550.07,11,0,0.0,505119,0.0,0.0,20881,False,False,False,False,False,False,False,False,False,False,False,False,True,False,False
'C255292461','M348934600',0,6156.6,119,0,0.0,505119,0.0,0.0,163451,False,False,False,False,False,False,False,False,False,False,False,False,True,False,False
'C1480193980','M348934600',0,1340.55,15,0,0.0,505119,0.0666666666666666,0.0,46262,False,False,False,False,False,False,False,False,False,False,False,False,True,False,False
'C978276840','M1913465890',0,26522.04,71,1,0.1051261389698134,16133,0.0,0.0,642,False,False,False,False,True,False,False,False,False,False,False,False,False,False,False
'C951689990','M855959430',0,1273.03,154,0,0.0459166939980321,6098,0.0064935064935064,0.0431550317316409,5515,False,False,False,False,False,False,False,True,False,False,False,False,False,False,False
'C57136184','M348934600',0,4595.6,123,0,0.0,505119,0.024390243902439,0.0,166666,False,False,False,False,False,False,False,False,False,False,False,False,True,False,False
'C1686098746','M348934600',0,1962.17,21,0,0.0,505119,0.238095238095238,0.0,174101,False,False,False,False,False,False,False,False,False,False,False,False,True,False,False
'C435572486','M1823072687',0,6195.33,79,0,0.0,505119,0.0126582278481012,0.0,285972,False,False,False,False,False,False,False,False,False,False,False,False,True,False,False
'C1887473486','M1823072687',0,1556.03,29,0,0.0,505119,0.0,0.0,20252,False,False,False,False,False,False,False,False,False,False,False,False,True,False,False
'C1141481813','M1823072687',0,5311.56,58,0,0.0,505119,0.0,0.0,58803,False,False,False,False,False,False,False,False,False,False,False,False,True,False,False
'C1279668658','M1823072687',0,1289.91,71,0,0.0,505119,0.0,0.0,79857,False,False,False,False,False,False,False,False,False,False,False,False,True,False,False
'C1088768738','M1823072687',0,6026.52,149,0,0.0,505119,0.0,0.0,243433,False,False,False,False,False,False,False,False,False,False,False,False,True,False,False
'C1996918734','M1823072687',0,2201.48,31,0,0.0,505119,0.0,0.0,26551,False,False,False,False,False,False,False,False,False,False,False,False,True,False,False
'C1983511229','M348934600',0,6675.94,40,0,0.0,505119,0.0,0.0,67090,False,False,False,False,False,False,False,False,False,False,False,False,True,False,False
'C2109575612','M1823072687',0,6964.9,117,0,0.0,505119,0.0256410256410256,0.0,226948,False,False,False,False,False,False,False,False,False,False,False,False,True,False,False
'C75208519','M1823072687',0,1282.96,42,0,0.0,505119,0.0,0.0,34870,False,False,False,False,False,False,False,False,False,False,False,False,True,False,False
'C776775180','M1823072687',0,1884.71,160,0,0.0,505119,0.0,0.0,253800,False,False,False,False,False,False,False,False,False,False,False,False,True,False,False
'C382331420','M1823072687',0,2935.31,75,0,0.0,505119,0.0666666666666666,0.0,107728,False,False,False,False,False,False,False,False,False,False,False,False,True,False,False
'C215334224','M1823072687',0,923.49,154,0,0.0,505119,0.0,0.0,267296,False,False,False,False,False,False,False,False,False,False,False,False,True,False,False
'C128812892','M348934600',0,4061.37,164,0,0.0,505119,0.0060975609756097,0.0,201128,False,False,False,False,False,False,False,False,False,False,False,False,True,False,False
'C364635096','M1823072687',0,2799.27,31,0,0.0,505119,0.0,0.0,27209,False,False,False,False,False,False,False,False,False,False,False,False,True,False,False
'C1215440829','M348934600',0,1094.29,35,0,0.0,505119,0.0,0.0,127837,False,False,False,False,False,False,False,False,False,False,False,False,True,False,False
'C717345438','M348934600',0,4076.26,153,0,0.0,505119,0.0,0.0,195444,False,False,False,False,False,False,False,False,False,False,False,False,True,False,False
'C451189693','M1823072687',0,1351.47,68,0,0.0,505119,0.0,0.0,105121,False,False,False,False,False,False,False,False,False,False,False,False,True,False,False
'C1855857061','M348934600',0,522.32,52,0,0.0,505119,0.0769230769230769,0.0,75851,False,False,False,False,False,False,False,False,False,False,False,False,True,False,False
'C2080088206','M348934600',0,2750.61,70,0,0.0,505119,0.0,0.0,112748,False,False,False,False,False,False,False,False,False,False,False,False,True,False,False
'C356873706','M1823072687',0,1291.89,1,0,0.0,505119,0.0,0.0,711,False,False,False,False,False,False,False,False,False,False,False,False,True,False,False
'C739658140','M1823072687',0,2361.35,105,0,0.0,505119,0.0285714285714285,0.0,207569,False,False,False,False,False,False,False,False,False,False,False,False,True,False,False
'C1361037703','M1823072687',0,3431.81,83,0,0.0,505119,0.0,0.0,100051,False,False,False,False,False,False,False,False,False,False,False,False,True,False,False
'C1452053500','M17379832',0,8181.33,85,1,0.4952523738130934,4002,0.0,0.631578947368421,190,False,False,False,False,False,False,False,False,False,False,True,False,False,False,False
'C268686998','M348934600',0,835.11,31,0,0.0,505119,0.0,0.0,53745,False,False,False,False,False,False,False,False,False,False,False,False,True,False,False
'C2127479268','M348934600',0,6605.44,92,0,0.0,505119,0.0,0.0,136281,False,False,False,False,False,False,False,False,False,False,False,False,True,False,False
'C548185127','M348934600',0,2795.29,78,0,0.0,505119,0.0128205128205128,0.0,193745,False,False,False,False,False,False,False,False,False,False,False,False,True,False,False
'C578700012','M1823072687',0,5992.76,53,0,0.0,505119,0.0,0.0,56598,False,False,False,False,False,False,False,False,False,False,False,False,True,False,False
'C1236533874','M1913465890',0,20876.83,115,1,0.1051261389698134,16133,0.008695652173913,0.0,2743,False,False,False,False,True,False,False,False,False,False,False,False,False,False,False
'C124539163','M1823072687',0,1425.95,49,0,0.0,505119,0.0408163265306122,0.0,230820,False,False,False,False,False,False,False,False,False,False,False,False,True,False,False
'C964866248','M348934600',0,604.74,29,0,0.0,505119,0.0,0.0,113597,False,False,False,False,False,False,False,False,False,False,False,False,True,False,False
'C764950264','M348934600',0,284.0,25,0,0.0,505119,0.0,0.0,177152,False,False,False,False,False,False,False,False,False,False,False,False,True,False,False
'C1936493073','M1823072687',0,482.6,121,0,0.0,505119,0.0,0.0,173354,False,False,False,False,False,False,False,False,False,False,False,False,True,False,False
'C1143297842','M1823072687',0,283.0,143,0,0.0,505119,0.0,0.0,268289,False,False,False,False,False,False,False,False,False,False,False,False,True,False,False
'C1706918687','M85975013',0,4626.39,113,0,0.0,26254,0.0,0.0,20765,False,False,False,True,False,False,False,False,False,False,False,False,False,False,False
'C1990073844','M348934600',0,787.45,71,0,0.0,505119,0.0,0.0,109759,False,False,False,False,False,False,False,False,False,False,False,False,True,False,False
'C1644158733','M85975013',0,4010.73,118,0,0.0,26254,0.0,0.0,13456,False,False,False,True,False,False,False,False,False,False,False,False,False,False,False
'C187965576','M348934600',0,1100.24,107,0,0.0,505119,0.0,0.0,167996,False,False,False,False,False,False,False,False,False,False,False,False,True,False,False
'C1557540123','M1823072687',0,3550.97,154,0,0.0,505119,0.0,0.0,262513,False,False,False,False,False,False,False,False,False,False,False,False,True,False,False
'C572958608','M1823072687',0,1483.54,165,0,0.0,505119,0.0,0.0,273281,False,False,False,False,False,False,False,False,False,False,False,False,True,False,False
'C949023995','M348934600',0,1830.1,132,0,0.0,505119,0.0,0.0,178439,False,False,False,False,False,False,False,False,False,False,False,False,True,False,False
'C76780537','M1823072687',0,3555.93,160,0,0.0,505119,0.0,0.0,249609,False,False,False,False,False,False,False,False,False,False,False,False,True,False,False
'C2132932756','M348934600',0,1532.2,52,0,0.0,505119,0.0,0.0,87103,False,False,False,False,False,False,False,False,False,False,False,False,True,False,False
'C1459810780','M348934600',0,4448.64,12,0,0.0,505119,0.0,0.0,23713,False,False,False,False,False,False,False,False,False,False,False,False,True,False,False
'C187514477','M348934600',0,2002.88,7,0,0.0,505119,0.0,0.0,11701,False,False,False,False,False,False,False,False,False,False,False,False,True,False,False
'C354729496','M1823072687',0,4206.35,95,0,0.0,505119,0.0210526315789473,0.0,263213,False,False,False,False,False,False,False,False,False,False,False,False,True,False,False
'C1050458046','M348934600',0,3263.0,165,0,0.0,505119,0.0181818181818181,0.0,197710,False,False,False,False,False,False,False,False,False,False,False,False,True,False,False
'C1388726904','M1823072687',0,3186.54,37,0,0.0,505119,0.0,0.0,29218,False,False,False,False,False,False,False,False,False,False,False,False,True,False,False
'C1600642825','M1823072687',0,1202.52,121,0,0.0,505119,0.0,0.0,186050,False,False,False,False,False,False,False,False,False,False,False,False,True,False,False
'C1734948367','M1823072687',0,1526.24,46,0,0.0,505119,0.0434782608695652,0.0,62778,False,False,False,False,False,False,False,False,False,False,False,False,True,False,False
'C1700873233','M348934600',0,2177.65,33,0,0.0,505119,0.0,0.0,56742,False,False,False,False,False,False,False,False,False,False,False,False,True,False,False
'C2121874810','M85975013',0,3961.08,131,0,0.0,26254,0.0,0.0,17543,False,False,False,True,False,False,False,False,False,False,False,False,False,False,False
'C868096672','M348934600',0,7600.42,73,0,0.0,505119,0.0,0.0,106015,False,False,False,False,False,False,False,False,False,False,False,False,True,False,False
'C1420603517','M348934600',0,5928.21,44,0,0.0,505119,0.0,0.0,77414,False,False,False,False,False,False,False,False,False,False,False,False,True,False,False
'C644590864','M85975013',0,5871.61,122,0,0.0,26254,0.0245901639344262,0.0,15406,False,False,False,True,False,False,False,False,False,False,False,False,False,False,False
'C100045114','M348934600',0,759.64,58,0,0.0,505119,0.0689655172413793,0.0,172102,False,False,False,False,False,False,False,False,False,False,False,False,True,False,False
'C1402381285','M348934600',0,3764.46,5,0,0.0,505119,0.0,0.0,8998,False,False,False,False,False,False,False,False,False,False,False,False,True,False,False
'C1513653440','M85975013',0,1415.02,129,0,0.0,26254,0.0,0.0,18629,False,False,False,True,False,False,False,False,False,False,False,False,False,False,False
'C578700012','M1823072687',0,3696.94,82,0,0.0,505119,0.0,0.0,109644,False,False,False,False,False,False,False,False,False,False,False,False,True,False,False
'C1741401017','M1823072687',0,2341.49,71,0,0.0,505119,0.0,0.0,89213,False,False,False,False,False,False,False,False,False,False,False,False,True,False,False
'C2132909556','M1823072687',0,4797.18,10,0,0.0,505119,0.0,0.0,5892,False,False,False,False,False,False,False,False,False,False,False,False,True,False,False
'C752612398','M1823072687',0,5461.5,48,0,0.0,505119,0.0416666666666666,0.0,241882,False,False,False,False,False,False,False,False,False,False,False,False,True,False,False
'C399777042','M151143676',0,147.96,61,0,0.0188294366860191,6373,0.0,0.0160513643659711,3115,True,False,False,False,False,False,False,False,False,False,False,False,False,False,False
'C1776310825','M1823072687',0,4119.96,153,0,0.0,505119,0.0,0.0,237799,False,False,False,False,False,False,False,False,False,False,False,False,True,False,False
'C2082605784','M1823072687',0,4356.29,103,0,0.0,505119,0.0,0.0,129278,False,False,False,False,False,False,False,False,False,False,False,False,True,False,False
'C1237272991','M1823072687',0,1741.72,105,0,0.0,505119,0.0,0.0,260733,False,False,False,False,False,False,False,False,False,False,False,False,True,False,False
'C968819483','M85975013',0,2187.58,68,0,0.0,26254,0.0,0.0,6803,False,False,False,True,False,False,False,False,False,False,False,False,False,False,False
'C310751417','M348934600',0,1385.23,123,0,0.0,505119,0.0,0.0,163989,False,False,False,False,False,False,False,False,False,False,False,False,True,False,False
'C793132240','M348934600',0,1583.83,63,0,0.0,505119,0.0793650793650793,0.0,170103,False,False,False,False,False,False,False,False,False,False,False,False,True,False,False
'C1240560903','M348934600',0,3776.38,49,0,0.0,505119,0.0612244897959183,0.0,198304,False,False,False,False,False,False,False,False,False,False,False,False,True,False,False
'C996804095','M1823072687',0,3123.98,62,0,0.0,505119,0.0,0.0,70914,False,False,False,False,False,False,False,False,False,False,False,False,True,False,False
'C644663928','M348934600',0,3409.96,24,0,0.0,505119,0.0833333333333333,0.0,116230,False,False,False,False,False,False,False,False,False,False,False,False,True,False,False
'C574062699','M348934600',0,4649.23,22,0,0.0,505119,0.0,0.0,39865,False,False,False,False,False,False,False,False,False,False,False,False,True,False,False
'C98707741','M1823072687',0,7426.65,65,0,0.0,505119,0.0,0.0,76044,False,False,False,False,False,False,False,False,False,False,False,False,True,False,False
'C1744280753','M348934600',0,4811.09,67,0,0.0,505119,0.044776119402985,0.0,163254,False,False,False,False,False,False,False,False,False,False,False,False,True,False,False
'C1375512856','M1823072687',0,4207.34,34,0,0.0,505119,0.0,0.0,109150,False,False,False,False,False,False,False,False,False,False,False,False,True,False,False
'C1598564853','M348934600',0,416.07,17,0,0.0,505119,0.0,0.0,28022,False,False,False,False,False,False,False,False,False,False,False,False,True,False,False
'C227186054','M348934600',0,1933.37,15,0,0.0,505119,0.0,0.0,34577,False,False,False,False,False,False,False,False,False,False,False,False,True,False,False
'C1517707344','M1823072687',0,2085.3,85,0,0.0,505119,0.0235294117647058,0.0,115443,False,False,False,False,False,False,False,False,False,False,False,False,True,False,False
'C836424975','M85975013',0,3468.55,35,0,0.0,26254,0.0,0.0,2691,False,False,False,True,False,False,False,False,False,False,False,False,False,False,False
'C771207119','M85975013',0,4202.38,15,0,0.0,26254,0.0,0.0,751,False,False,False,True,False,False,False,False,False,False,False,False,False,False,False
'C942160317','M1823072687',0,3218.31,53,0,0.0,505119,0.0,0.0,51917,False,False,False,False,False,False,False,False,False,False,False,False,True,False,False
'C1074203200','M1823072687',0,142.0,128,0,0.0,505119,0.0,0.0,200025,False,False,False,False,False,False,False,False,False,False,False,False,True,False,False
'C601235628','M348934600',0,2924.38,142,0,0.0,505119,0.0,0.0,184032,False,False,False,False,False,False,False,False,False,False,False,False,True,False,False
'C143498560','M348934600',0,1753.64,4,0,0.0,505119,0.0,0.0,26694,False,False,False,False,False,False,False,False,False,False,False,False,True,False,False
'C1793707767','M1823072687',0,388.26,124,0,0.0,505119,0.0,0.0,205334,False,False,False,False,False,False,False,False,False,False,False,False,True,False,False
'C1204740969','M1823072687',0,2183.61,91,0,0.0,505119,0.0,0.0,111879,False,False,False,False,False,False,False,False,False,False,False,False,True,False,False
'C809005315','M85975013',0,2358.38,25,0,0.0,26254,0.16,0.0,18274,False,False,False,True,False,False,False,False,False,False,False,False,False,False,False
'C1620127338','M348934600',0,5501.22,130,0,0.0,505119,0.0307692307692307,0.0,195319,False,False,False,False,False,False,False,False,False,False,False,False,True,False,False
'C125143024','M1823072687',0,4283.8,123,0,0.0,505119,0.0,0.0,175248,False,False,False,False,False,False,False,False,False,False,False,False,True,False,False
'C1433132752','M348934600',0,2784.37,30,0,0.0,505119,0.0,0.0,60780,False,False,False,False,False,False,False,False,False,False,False,False,True,False,False
'C62153477','M1823072687',0,5764.36,151,0,0.0,505119,0.0,0.0,249767,False,False,False,False,False,False,False,False,False,False,False,False,True,False,False
'C515668508','M1823072687',0,2090.26,197,0,0.0,505119,0.2233502538071066,0.0,281756,False,False,False,False,False,False,False,False,False,False,False,False,True,False,False
'C1783773775','M1823072687',0,2683.09,121,0,0.0,505119,0.0,0.0,176809,False,False,False,False,False,False,False,False,False,False,False,False,True,False,False
'C23992005','M348934600',0,728.86,12,0,0.0,505119,0.0833333333333333,0.0,138568,False,False,False,False,False,False,False,False,False,False,False,False,True,False,False
'C1554849332','M1823072687',0,3151.78,10,0,0.0,505119,0.0,0.0,5179,False,False,False,False,False,False,False,False,False,False,False,False,True,False,False
'C1803364571','M1823072687',0,4094.14,130,0,0.0,505119,0.0,0.0,199031,False,False,False,False,False,False,False,False,False,False,False,False,True,False,False
'C572671067','M348934600',0,2789.34,105,0,0.0,505119,0.0,0.0,151570,False,False,False,False,False,False,False,False,False,False,False,False,True,False,False
'C309334921','M1823072687',0,3902.49,18,0,0.0,505119,0.0,0.0,11030,False,False,False,False,False,False,False,False,False,False,False,False,True,False,False
'C469059843','M1823072687',0,138.03,138,0,0.0,505119,0.0,0.0,209930,False,False,False,False,False,False,False,False,False,False,False,False,True,False,False
'C599675908','M348934600',0,2705.92,23,0,0.0,505119,0.1304347826086956,0.0,111483,False,False,False,False,False,False,False,False,False,False,False,False,True,False,False
'C1903005844','M1823072687',0,2175.66,162,0,0.0,505119,0.0,0.0,254343,False,False,False,False,False,False,False,False,False,False,False,False,True,False,False
'C1152356495','M1823072687',0,3792.27,59,0,0.0,505119,0.0,0.0,62901,False,False,False,False,False,False,False,False,False,False,False,False,True,False,False
'C1809615650','M348934600',0,5101.04,152,0,0.0,505119,0.0,0.0,203032,False,False,False,False,False,False,False,False,False,False,False,False,True,False,False
'C1488142454','M1823072687',0,5289.71,65,0,0.0,505119,0.0,0.0,66394,False,False,False,False,False,False,False,False,False,False,False,False,True,False,False
'C592679392','M1823072687',0,373.37,114,0,0.0,505119,0.0,0.0,165198,False,False,False,False,False,False,False,False,False,False,False,False,True,False,False
'C911364935','M348934600',0,3252.07,1,0,0.0,505119,0.0,0.0,1696,False,False,False,False,False,False,False,False,False,False,False,False,True,False,False
'C693907036','M348934600',0,6918.23,118,0,0.0,505119,0.0,0.0,204684,False,False,False,False,False,False,False,False,False,False,False,False,True,False,False
'C1769401317','M1823072687',0,2663.23,66,0,0.0,505119,0.0,0.0,70674,False,False,False,False,False,False,False,False,False,False,False,False,True,False,False
'C1965496749','M1823072687',0,2848.92,20,0,0.0,505119,0.0,0.0,11968,False,False,False,False,False,False,False,False,False,False,False,False,True,False,False
'C1195893546','M348934600',0,1272.03,23,0,0.0,505119,0.0434782608695652,0.0,43775,False,False,False,False,False,False,False,False,False,False,False,False,True,False,False
'C351880818','M1823072687',0,2453.7,161,0,0.0,505119,0.0186335403726708,0.0,285684,False,False,False,False,False,False,False,False,False,False,False,False,True,False,False
'C1582366224','M1823072687',0,3396.06,82,0,0.0,505119,0.0,0.0,99894,False,False,False,False,False,False,False,False,False,False,False,False,True,False,False
'C62153477','M1823072687',0,1951.24,55,0,0.0,505119,0.0,0.0,54561,False,False,False,False,False,False,False,False,False,False,False,False,True,False,False
'C1177926954','M348934600',0,2456.68,95,0,0.0,505119,0.0105263157894736,0.0,197541,False,False,False,False,False,False,False,False,False,False,False,False,True,False,False
'C73919470','M151143676',0,7759.3,95,0,0.0188294366860191,6373,0.0,0.0152707080055529,4322,True,False,False,False,False,False,False,False,False,False,False,False,False,False,False
'C1440811710','M1823072687',0,5205.31,52,0,0.0,505119,0.0,0.0,60025,False,False,False,False,False,False,False,False,False,False,False,False,True,False,False
'C1881708420','M1823072687',0,3118.02,153,0,0.0,505119,0.0,0.0,254618,False,False,False,False,False,False,False,False,False,False,False,False,True,False,False
'C2084449024','M348934600',0,2237.23,116,0,0.0,505119,0.0,0.0,151988,False,False,False,False,False,False,False,False,False,False,False,False,True,False,False
'C658256470','M348934600',0,1343.53,65,0,0.0,505119,0.0153846153846153,0.0,107620,False,False,False,False,False,False,False,False,False,False,False,False,True,False,False
'C1370192017','M1823072687',0,841.07,137,0,0.0,505119,0.0,0.0,213517,False,False,False,False,False,False,False,False,False,False,False,False,True,False,False
'C658175205','M348934600',0,2836.01,66,0,0.0,505119,0.0,0.0,104545,False,False,False,False,False,False,False,False,False,False,False,False,True,False,False
'C1643499361','M85975013',0,6631.25,34,0,0.0,26254,0.0,0.0,2791,False,False,False,True,False,False,False,False,False,False,False,False,False,False,False
'C1229674572','M855959430',0,5152.68,41,0,0.0459166939980321,6098,0.0,0.0378006872852233,2328,False,False,False,False,False,False,False,True,False,False,False,False,False,False,False
'C1810630647','M1823072687',0,3000.85,52,0,0.0,505119,0.0,0.0,50193,False,False,False,False,False,False,False,False,False,False,False,False,True,False,False
'C792341594','M1823072687',0,3255.05,73,0,0.0,505119,0.0410958904109589,0.0,92629,False,False,False,False,False,False,False,False,False,False,False,False,True,False,False
'C1956971543','M1823072687',0,4647.24,109,0,0.0,505119,0.0,0.0,147660,False,False,False,False,False,False,False,False,False,False,False,False,True,False,False
'C800272493','M348934600',0,4820.02,120,0,0.0,505119,0.0333333333333333,0.0,152167,False,False,False,False,False,False,False,False,False,False,False,False,True,False,False
'C1515184734','M480139044',0,3703.89,19,0,0.1051261389698134,16133,0.1578947368421052,0.4456350456980775,3173,False,False,False,False,True,False,False,False,False,False,False,False,False,False,False
'C142595093','M348934600',0,2274.96,48,0,0.0,505119,0.1458333333333333,0.0,189207,False,False,False,False,False,False,False,False,False,False,False,False,True,False,False
'C970704037','M348934600',0,859.94,117,0,0.0,505119,0.0,0.0,164504,False,False,False,False,False,False,False,False,False,False,False,False,True,False,False
'C1305161735','M348934600',0,3706.87,92,0,0.0,505119,0.0869565217391304,0.0,147326,False,False,False,False,False,False,False,False,False,False,False,False,True,False,False
'C1476491893','M348934600',0,1091.31,10,0,0.0,505119,0.0,0.0,21013,False,False,False,False,False,False,False,False,False,False,False,False,True,False,False
'C1876642037','M78078399',0,11705.48,135,1,0.0475937955720535,15086,0.0,0.0313390313390313,1404,False,False,False,False,False,False,False,False,False,False,False,False,False,False,True
'C936853935','M1823072687',0,1132.02,136,0,0.0,505119,0.0,0.0,202203,False,False,False,False,False,False,False,False,False,False,False,False,True,False,False
'C1474976180','M1823072687',0,3051.49,105,0,0.0,505119,0.0,0.0,142538,False,False,False,False,False,False,False,False,False,False,False,False,True,False,False
'C1792734476','M1823072687',0,507.42,146,0,0.0,505119,0.0,0.0,229934,False,False,False,False,False,False,False,False,False,False,False,False,True,False,False
'C2137070408','M1823072687',0,1560.0,11,0,0.0,505119,0.0,0.0,5416,False,False,False,False,False,False,False,False,False,False,False,False,True,False,False
'C612045723','M1823072687',0,967.18,98,0,0.0,505119,0.010204081632653,0.0,134491,False,False,False,False,False,False,False,False,False,False,False,False,True,False,False
'C1580712621','M547558035',0,9751.26,5,1,0.0179733498605515,6454,0.0,0.0476190476190476,210,False,False,True,False,False,False,False,False,False,False,False,False,False,False,False
'C1114685649','M348934600',0,1105.21,51,0,0.0,505119,0.0,0.0,119002,False,False,False,False,False,False,False,False,False,False,False,False,True,False,False
'C423891632','M348934600',0,4365.23,7,0,0.0,505119,0.0,0.0,11591,False,False,False,False,False,False,False,False,False,False,False,False,True,False,False
'C706685788','M1823072687',0,1400.13,94,0,0.0,505119,0.0106382978723404,0.0,119776,False,False,False,False,False,False,False,False,False,False,False,False,True,False,False
'C2111849765','M1823072687',0,2023.73,151,0,0.0,505119,0.0,0.0,257626,False,False,False,False,False,False,False,False,False,False,False,False,True,False,False
'C560376591','M348934600',0,2183.61,154,0,0.0,505119,0.0,0.0,188314,False,False,False,False,False,False,False,False,False,False,False,False,True,False,False
'C1676378077','M348934600',0,4582.69,130,0,0.0,505119,0.0,0.0,178251,False,False,False,False,False,False,False,False,False,False,False,False,True,False,False
'C221508235','M85975013',0,2110.12,100,0,0.0,26254,0.0,0.0,16138,False,False,False,True,False,False,False,False,False,False,False,False,False,False,False
'C519449235','M1823072687',0,4849.81,155,0,0.0,505119,0.0,0.0,257268,False,False,False,False,False,False,False,False,False,False,False,False,True,False,False
'C306854291','M1823072687',0,174.77,34,0,0.0,505119,0.0,0.0,30416,False,False,False,False,False,False,False,False,False,False,False,False,True,False,False
'C1029994689','M1823072687',0,1411.05,153,0,0.0,505119,0.0,0.0,250863,False,False,False,False,False,False,False,False,False,False,False,False,True,False,False
'C1539370210','M1823072687',0,4680.01,35,0,0.0,505119,0.0,0.0,26934,False,False,False,False,False,False,False,False,False,False,False,False,True,False,False
'C1013313546','M1823072687',0,1672.21,145,0,0.0,505119,0.0275862068965517,0.0,256440,False,False,False,False,False,False,False,False,False,False,False,False,True,False,False
'C1254064510','M1913465890',0,3557.92,175,0,0.1051261389698134,16133,0.0,0.0,3905,False,False,False,False,True,False,False,False,False,False,False,False,False,False,False
'C669906110','M1823072687',0,1047.62,102,0,0.0,505119,0.0,0.0,175434,False,False,False,False,False,False,False,False,False,False,False,False,True,False,False
'C1259046770','M1823072687',0,5291.7,68,0,0.0,505119,0.0,0.0,78351,False,False,False,False,False,False,False,False,False,False,False,False,True,False,False
'C957771834','M1823072687',0,5622.37,84,0,0.0,505119,0.0,0.0,115208,False,False,False,False,False,False,False,False,False,False,False,False,True,False,False
'C145901862','M1053599405',0,18232.47,78,1,0.1051261389698134,16133,0.0,0.0,3228,False,False,False,False,True,False,False,False,False,False,False,False,False,False,False
'C475831512','M1823072687',0,1398.14,45,0,0.0,505119,0.0,0.0,40434,False,False,False,False,False,False,False,False,False,False,False,False,True,False,False
'C322802193','M348934600',0,1311.75,21,0,0.0,505119,0.0,0.0,36562,False,False,False,False,False,False,False,False,False,False,False,False,True,False,False
'C642158646','M1823072687',0,4484.39,75,0,0.0,505119,0.0,0.0,249725,False,False,False,False,False,False,False,False,False,False,False,False,True,False,False
'C1112424232','M1823072687',0,995.98,79,0,0.0,505119,0.0632911392405063,0.0,126484,False,False,False,False,False,False,False,False,False,False,False,False,True,False,False
'C1604376835','M348934600',0,6270.8,28,0,0.0,505119,0.0,0.0,53956,False,False,False,False,False,False,False,False,False,False,False,False,True,False,False
'C1821681988','M1823072687',0,941.36,50,0,0.0,505119,0.0,0.0,46181,False,False,False,False,False,False,False,False,False,False,False,False,True,False,False
'C1206604144','M1823072687',0,5806.07,147,0,0.0,505119,0.0,0.0,231534,False,False,False,False,False,False,False,False,False,False,False,False,True,False,False
'C507185945','M85975013',0,2783.38,109,0,0.0,26254,0.0,0.0,24336,False,False,False,True,False,False,False,False,False,False,False,False,False,False,False
'C1549322511','M1823072687',0,241.3,159,0,0.0,505119,0.0,0.0,296111,False,False,False,False,False,False,False,False,False,False,False,False,True,False,False
'C1732568163','M1888755466',0,9680.76,1,1,0.25,912,0.0,0.1572327044025157,318,False,False,False,False,False,False,False,False,False,True,False,False,False,False,False
'C368299362','M1823072687',0,6148.66,153,0,0.0,505119,0.0,0.0,265751,False,False,False,False,False,False,False,False,False,False,False,False,True,False,False
'C1723242462','M348934600',0,2869.77,163,0,0.0,505119,0.0,0.0,196306,False,False,False,False,False,False,False,False,False,False,False,False,True,False,False
'C691839786','M1823072687',0,3033.61,64,0,0.0,505119,0.078125,0.0,288196,False,False,False,False,False,False,False,False,False,False,False,False,True,False,False
'C1416816772','M348934600',0,3068.37,121,0,0.0,505119,0.0,0.0,165379,False,False,False,False,False,False,False,False,False,False,False,False,True,False,False
'C597908249','M1823072687',0,6832.83,4,0,0.0,505119,0.0,0.0,3327,False,False,False,False,False,False,False,False,False,False,False,False,True,False,False
'C1701338775','M1823072687',0,909.59,172,0,0.0,505119,0.0,0.0,296293,False,False,False,False,False,False,False,False,False,False,False,False,True,False,False
'C159675329','M692898500',0,173.78,0,0,0.1051261389698134,16133,0.0,0.0259740259740259,77,False,False,False,False,True,False,False,False,False,False,False,False,False,False,False
'C1354799046','M85975013',0,6014.6,3,0,0.0,26254,0.0,0.0,186,False,False,False,True,False,False,False,False,False,False,False,False,False,False,False
'C2140473917','M348934600',0,4469.49,9,0,0.0,505119,0.0,0.0,20957,False,False,False,False,False,False,False,False,False,False,False,False,True,False,False
'C598089944','M1823072687',0,1644.41,113,0,0.0,505119,0.0,0.0,164329,False,False,False,False,False,False,False,False,False,False,False,False,True,False,False
'C2128227866','M1823072687',0,142.0,16,0,0.0,505119,0.1875,0.0,186404,False,False,False,False,False,False,False,False,False,False,False,False,True,False,False
'C1940951230','M1823072687',0,5786.21,26,0,0.0,505119,0.0,0.0,16947,False,False,False,False,False,False,False,False,False,False,False,False,True,False,False
'C326482046','M1823072687',0,4565.81,126,0,0.0,505119,0.0,0.0,184283,False,False,False,False,False,False,False,False,False,False,False,False,True,False,False
'C1818021493','M348934600',0,1599.72,123,0,0.0,505119,0.0,0.0,163597,False,False,False,False,False,False,False,False,False,False,False,False,True,False,False
'C78938440','M348934600',0,4317.56,21,0,0.0,505119,0.0,0.0,38947,False,False,False,False,False,False,False,False,False,False,False,False,True,False,False
'C484268062','M1823072687',0,2117.08,18,0,0.0,505119,0.0555555555555555,0.0,9736,False,False,False,False,False,False,False,False,False,False,False,False,True,False,False
'C450584964','M348934600',0,1154.86,125,0,0.0,505119,0.0,0.0,181145,False,False,False,False,False,False,False,False,False,False,False,False,True,False,False
'C919751066','M1823072687',0,260.17,173,0,0.0,505119,0.0,0.0,294194,False,False,False,False,False,False,False,False,False,False,False,False,True,False,False
'C1711218892','M1823072687',0,829.15,18,0,0.0,505119,0.0,0.0,11046,False,False,False,False,False,False,False,False,False,False,False,False,True,False,False
'C1861439904','M348934600',0,203.56,119,0,0.0,505119,0.0,0.0,167882,False,False,False,False,False,False,False,False,False,False,False,False,True,False,False
'C267009229','M85975013',0,10519.84,175,1,0.0,26254,0.0,0.0,25283,False,False,False,True,False,False,False,False,False,False,False,False,False,False,False
'C102256008','M85975013',0,7002.64,48,0,0.0,26254,0.0,0.0,15933,False,False,False,True,False,False,False,False,False,False,False,False,False,False,False
'C511635087','M480139044',0,261.16,4,0,0.1051261389698134,16133,0.0,0.3823665893271462,2155,False,False,False,False,True,False,False,False,False,False,False,False,False,False,False
'C1818841328','M348934600',0,6178.45,8,0,0.0,505119,0.0,0.0,13373,False,False,False,False,False,False,False,False,False,False,False,False,True,False,False
'C323226584','M348934600',0,1198.55,80,0,0.0,505119,0.0,0.0,141008,False,False,False,False,False,False,False,False,False,False,False,False,True,False,False
'C1582197917','M1823072687',0,2510.3,140,0,0.0,505119,0.0,0.0,246037,False,False,False,False,False,False,False,False,False,False,False,False,True,False,False
'C1576250855','M348934600',0,2499.38,69,0,0.0,505119,0.0144927536231884,0.0,110270,False,False,False,False,False,False,False,False,False,False,False,False,True,False,False
'C1791524453','M348934600',0,4876.62,111,0,0.0,505119,0.054054054054054,0.0,155145,False,False,False,False,False,False,False,False,False,False,False,False,True,False,False
'C51444479','M78078399',0,8585.48,63,1,0.0475937955720535,15086,0.0,0.0407331975560081,491,False,False,False,False,False,False,False,False,False,False,False,False,False,False,True
'C662836745','M348934600',0,1474.61,84,0,0.0,505119,0.0119047619047619,0.0,133908,False,False,False,False,False,False,False,False,False,False,False,False,True,False,False
'C1948527523','M1823072687',0,2831.04,145,0,0.0,505119,0.0,0.0,230636,False,False,False,False,False,False,False,False,False,False,False,False,True,False,False
'C1739998964','M1823072687',0,1776.48,135,0,0.0,505119,0.0,0.0,206129,False,False,False,False,False,False,False,False,False,False,False,False,True,False,False
'C1209363182','M1823072687',0,4545.95,65,0,0.0,505119,0.0,0.0,66886,False,False,False,False,False,False,False,False,False,False,False,False,True,False,False
'C1530262146','M1823072687',0,5369.15,54,0,0.0,505119,0.0,0.0,55536,False,False,False,False,False,False,False,False,False,False,False,False,True,False,False
'C879949041','M1823072687',0,709.0,53,0,0.0,505119,0.0,0.0,54922,False,False,False,False,False,False,False,False,False,False,False,False,True,False,False
'C1382480007','M1400236507',0,2267.02,83,0,0.1520644511581067,1986,0.0,0.0,292,False,False,False,False,False,True,False,False,False,False,False,False,False,False,False
'C839839520','M348934600',0,5447.6,146,0,0.0,505119,0.0,0.0,191834,False,False,False,False,False,False,False,False,False,False,False,False,True,False,False
'C1821582093','M348934600',0,2881.69,31,0,0.0,505119,0.0,0.0,54872,False,False,False,False,False,False,False,False,False,False,False,False,True,False,False
'C2023751717','M1823072687',0,218.46,51,0,0.0,505119,0.0,0.0,47891,False,False,False,False,False,False,False,False,False,False,False,False,True,False,False
'C594146637','M1823072687',0,940.37,18,0,0.0,505119,0.0,0.0,171916,False,False,False,False,False,False,False,False,False,False,False,False,True,False,False
'C479535332','M1823072687',0,4172.59,92,0,0.0,505119,0.0,0.0,114549,False,False,False,False,False,False,False,False,False,False,False,False,True,False,False
'C1147973334','M348934600',0,2517.26,24,0,0.0,505119,0.0416666666666666,0.0,147095,False,False,False,False,False,False,False,False,False,False,False,False,True,False,False
'C811638781','M85975013',0,1907.55,73,0,0.0,26254,0.0,0.0,16461,False,False,False,True,False,False,False,False,False,False,False,False,False,False,False
'C1734862058','M348934600',0,3006.8,8,0,0.0,505119,0.0,0.0,112520,False,False,False,False,False,False,False,False,False,False,False,False,True,False,False
'C1815981756','M348934600',0,69.51,161,0,0.0,505119,0.0,0.0,203686,False,False,False,False,False,False,False,False,False,False,False,False,True,False,False
'C199512926','M1842530320',0,16892.92,3,1,0.0666666666666666,2370,0.0,0.0,28,False,False,False,False,False,False,False,False,False,False,False,True,False,False,False
'C610735261','M348934600',0,3945.19,47,0,0.0,505119,0.0,0.0,90372,False,False,False,False,False,False,False,False,False,False,False,False,True,False,False
'C610735261','M348934600',0,3709.85,59,0,0.0,505119,0.0,0.0,106643,False,False,False,False,False,False,False,False,False,False,False,False,True,False,False
'C1780824451','M1823072687',0,4951.1,73,0,0.0,505119,0.0136986301369863,0.0,157912,False,False,False,False,False,False,False,False,False,False,False,False,True,False,False
'C1463141739','M923029380',0,2371.28,4,0,0.1520644511581067,1986,0.25,0.2918918918918919,185,False,False,False,False,False,True,False,False,False,False,False,False,False,False,False
'C1392385769','M348934600',0,2811.18,134,0,0.0,505119,0.0,0.0,182161,False,False,False,False,False,False,False,False,False,False,False,False,True,False,False
'C214836772','M348934600',0,2619.53,3,0,0.0,505119,0.0,0.0,8298,False,False,False,False,False,False,False,False,False,False,False,False,True,False,False
'C1983734850','M348934600',0,2316.67,77,0,0.0,505119,0.0909090909090909,0.0,188166,False,False,False,False,False,False,False,False,False,False,False,False,True,False,False
'C55178455','M1823072687',0,7596.45,97,0,0.0,505119,0.0309278350515463,0.0,210328,False,False,False,False,False,False,False,False,False,False,False,False,True,False,False
'C1143297842','M348934600',0,4872.65,68,0,0.0,505119,0.0,0.0,131808,False,False,False,False,False,False,False,False,False,False,False,False,True,False,False
'C1312615175','M1823072687',0,3721.76,123,0,0.0,505119,0.1951219512195122,0.0,237747,False,False,False,False,False,False,False,False,False,False,False,False,True,False,False
'C2011875751','M1823072687',0,1829.11,56,0,0.0,505119,0.0357142857142857,0.0,131212,False,False,False,False,False,False,False,False,False,False,False,False,True,False,False
'C560376591','M1823072687',0,5002.73,134,0,0.0,505119,0.0,0.0,202212,False,False,False,False,False,False,False,False,False,False,False,False,True,False,False
'C1345265337','M1823072687',0,3969.02,157,0,0.0,505119,0.0127388535031847,0.0,265841,False,False,False,False,False,False,False,False,False,False,False,False,True,False,False
'C99729647','M348934600',0,3770.42,6,0,0.0,505119,0.0,0.0,11191,False,False,False,False,False,False,False,False,False,False,False,False,True,False,False
'C1104967901','M1823072687',0,3518.2,121,0,0.0,505119,0.0,0.0,194588,False,False,False,False,False,False,False,False,False,False,False,False,True,False,False
'C656901929','M348934600',0,5054.37,22,0,0.0,505119,0.1363636363636363,0.0,70985,False,False,False,False,False,False,False,False,False,False,False,False,True,False,False
'C193924578','M348934600',0,1868.83,16,0,0.0,505119,0.0,0.0,28743,False,False,False,False,False,False,False,False,False,False,False,False,True,False,False
'C790593937','M348934600',0,2369.3,109,0,0.0,505119,0.0,0.0,178086,False,False,False,False,False,False,False,False,False,False,False,False,True,False,False
'C1955375790','M348934600',0,1393.18,35,0,0.0,505119,0.0,0.0,66367,False,False,False,False,False,False,False,False,False,False,False,False,True,False,False
'C1404684380','M1823072687',0,1565.96,96,0,0.0,505119,0.0416666666666666,0.0,147045,False,False,False,False,False,False,False,False,False,False,False,False,True,False,False
'C2134399963','M348934600',0,1830.1,130,0,0.0,505119,0.0,0.0,187496,False,False,False,False,False,False,False,False,False,False,False,False,True,False,False
'C306839491','M348934600',0,1181.67,69,0,0.0,505119,0.0,0.0,162318,False,False,False,False,False,False,False,False,False,False,False,False,True,False,False
'C359363895','M1823072687',0,1315.72,99,0,0.0,505119,0.0,0.0,115177,False,False,False,False,False,False,False,False,False,False,False,False,True,False,False
'C1035666255','M1823072687',0,6423.72,157,0,0.0,505119,0.0,0.0,270021,False,False,False,False,False,False,False,False,False,False,False,False,True,False,False
'C936435497','M1823072687',0,1894.64,98,0,0.0,505119,0.010204081632653,0.0,164360,False,False,False,False,False,False,False,False,False,False,False,False,True,False,False
'C1779394537','M1823072687',0,3972.99,158,0,0.0,505119,0.0,0.0,255211,False,False,False,False,False,False,False,False,False,False,False,False,True,False,False
'C318717540','M348934600',0,4053.43,40,0,0.0,505119,0.0,0.0,71713,False,False,False,False,False,False,False,False,False,False,False,False,True,False,False
'C1383337902','M1823072687',0,5148.7,94,0,0.0,505119,0.0,0.0,117910,False,False,False,False,False,False,False,False,False,False,False,False,True,False,False
'C1180570487','M1823072687',0,278.04,163,0,0.0,505119,0.0,0.0,278513,False,False,False,False,False,False,False,False,False,False,False,False,True,False,False
'C748358246','M1823072687',0,3860.78,77,0,0.0,505119,0.0129870129870129,0.0,82575,False,False,False,False,False,False,False,False,False,False,False,False,True,False,False
'C1077245673','M348934600',0,2058.49,35,0,0.0,505119,0.0,0.0,61107,False,False,False,False,False,False,False,False,False,False,False,False,True,False,False
'C186469824','M348934600',0,670.27,111,0,0.0,505119,0.0,0.0,155852,False,False,False,False,False,False,False,False,False,False,False,False,True,False,False
'C1197304790','M1823072687',0,1736.76,148,0,0.0,505119,0.0,0.0,242515,False,False,False,False,False,False,False,False,False,False,False,False,True,False,False
'C82079505','M1823072687',0,5176.51,133,0,0.0,505119,0.0,0.0,192989,False,False,False,False,False,False,False,False,False,False,False,False,True,False,False
'C956954767','M348934600',0,589.84,27,0,0.0,505119,0.0,0.0,47261,False,False,False,False,False,False,False,False,False,False,False,False,True,False,False
'C739589782','M348934600',0,6558.76,12,0,0.0,505119,0.0,0.0,47371,False,False,False,False,False,False,False,False,False,False,False,False,True,False,False
'C608547225','M1823072687',0,1071.45,124,0,0.0,505119,0.032258064516129,0.0,184328,False,False,False,False,False,False,False,False,False,False,False,False,True,False,False
'C514864285','M1823072687',0,3203.42,122,0,0.0,505119,0.0,0.0,193825,False,False,False,False,False,False,False,False,False,False,False,False,True,False,False
'C1502465707','M1946091778',0,11557.53,94,1,0.0475937955720535,15086,0.0531914893617021,0.0,2318,False,False,False,False,False,False,False,False,False,False,False,False,False,False,True
'C1295444668','M1823072687',0,12.91,66,0,0.0,505119,0.0,0.0,85799,False,False,False,False,False,False,False,False,False,False,False,False,True,False,False
'C2075935351','M855959430',0,4064.35,78,0,0.0459166939980321,6098,0.0,0.0359828141783029,3724,False,False,False,False,False,False,False,True,False,False,False,False,False,False,False
'C333484923','M1823072687',0,3255.05,32,0,0.0,505119,0.0,0.0,23152,False,False,False,False,False,False,False,False,False,False,False,False,True,False,False
'C2117552812','M1600850729',0,2034.66,69,0,0.0179733498605515,6454,0.0,0.0,1005,False,False,True,False,False,False,False,False,False,False,False,False,False,False,False
'C2084267589','M1823072687',0,2189.57,116,0,0.0,505119,0.0,0.0,153258,False,False,False,False,False,False,False,False,False,False,False,False,True,False,False
'C1935661715','M348934600',0,3437.77,79,0,0.0,505119,0.0632911392405063,0.0,149989,False,False,False,False,False,False,False,False,False,False,False,False,True,False,False
'C531724764','M348934600',0,5938.14,39,0,0.0,505119,0.0,0.0,66326,False,False,False,False,False,False,False,False,False,False,False,False,True,False,False
'C592679392','M348934600',0,4361.26,13,0,0.0,505119,0.0,0.0,21827,False,False,False,False,False,False,False,False,False,False,False,False,True,False,False
'C119274188','M1823072687',0,1228.34,83,0,0.0,505119,0.0,0.0,184795,False,False,False,False,False,False,False,False,False,False,False,False,True,False,False
'C692102449','M1823072687',0,2594.71,117,0,0.0,505119,0.0,0.0,191591,False,False,False,False,False,False,False,False,False,False,False,False,True,False,False
'C1981089677','M348934600',0,2186.59,144,0,0.0,505119,0.0555555555555555,0.0,175562,False,False,False,False,False,False,False,False,False,False,False,False,True,False,False
'C747175090','M348934600',0,2292.84,32,0,0.0,505119,0.0,0.0,54410,False,False,False,False,False,False,False,False,False,False,False,False,True,False,False
'C1290093162','M1823072687',0,258.18,83,0,0.0,505119,0.0,0.0,115333,False,False,False,False,False,False,False,False,False,False,False,False,True,False,False
'C1004532392','M348934600',0,1714.91,4,0,0.0,505119,0.0,0.0,129813,False,False,False,False,False,False,False,False,False,False,False,False,True,False,False
'C270217031','M1313686961',0,4433.74,104,0,0.0,885,0.0,0.0,250,False,True,False,False,False,False,False,False,False,False,False,False,False,False,False
'C297432139','M348934600',0,2532.15,114,0,0.0,505119,0.043859649122807,0.0,196840,False,False,False,False,False,False,False,False,False,False,False,False,True,False,False
'C1971497679','M348934600',0,2013.8,113,0,0.0,505119,0.0,0.0,187602,False,False,False,False,False,False,False,False,False,False,False,False,True,False,False
'C1073865173','M1823072687',0,543.17,45,0,0.0,505119,0.0444444444444444,0.0,177849,False,False,False,False,False,False,False,False,False,False,False,False,True,False,False
'C1540577903','M692898500',0,61.57,9,0,0.1051261389698134,16133,0.0,0.0227272727272727,528,False,False,False,False,True,False,False,False,False,False,False,False,False,False,False
'C477595630','M1823072687',0,5739.54,73,0,0.0,505119,0.0,0.0,76498,False,False,False,False,False,False,False,False,False,False,False,False,True,False,False
'C108794529','M1823072687',0,4021.65,97,0,0.0,505119,0.0,0.0,128735,False,False,False,False,False,False,False,False,False,False,False,False,True,False,False
'C624012210','M85975013',0,1051.59,97,0,0.0,26254,0.0618556701030927,0.0,22993,False,False,False,True,False,False,False,False,False,False,False,False,False,False,False
'C515794745','M1913465890',0,39.72,19,0,0.1051261389698134,16133,0.0,0.0,809,False,False,False,False,True,False,False,False,False,False,False,False,False,False,False
'C1815278899','M1823072687',0,3718.79,107,0,0.0,505119,0.0,0.0,176297,False,False,False,False,False,False,False,False,False,False,False,False,True,False,False
'C1394428191','M1823072687',0,3888.59,149,0,0.0,505119,0.0,0.0,239954,False,False,False,False,False,False,False,False,False,False,False,False,True,False,False
'C1424007721','M1823072687',0,3179.59,83,0,0.0,505119,0.0,0.0,107253,False,False,False,False,False,False,False,False,False,False,False,False,True,False,False
'C775739646','M348934600',0,1142.94,55,0,0.0,505119,0.0,0.0,90387,False,False,False,False,False,False,False,False,False,False,False,False,True,False,False
'C1303226190','M1823072687',0,5072.24,74,0,0.0,505119,0.0,0.0,81808,False,False,False,False,False,False,False,False,False,False,False,False,True,False,False
'C1815278899','M1823072687',0,843.06,98,0,0.0,505119,0.0,0.0,156857,False,False,False,False,False,False,False,False,False,False,False,False,True,False,False
'C2072009750','M348934600',0,2802.25,18,0,0.0,505119,0.0,0.0,37540,False,False,False,False,False,False,False,False,False,False,False,False,True,False,False
'C899813705','M1823072687',0,4929.25,76,0,0.0,505119,0.0,0.0,90439,False,False,False,False,False,False,False,False,False,False,False,False,True,False,False
'C407936671','M1823072687',0,14.89,124,0,0.0,505119,0.0080645161290322,0.0,218436,False,False,False,False,False,False,False,False,False,False,False,False,True,False,False
'C1140073765','M348934600',0,5198.35,62,0,0.0,505119,0.0,0.0,104533,False,False,False,False,False,False,False,False,False,False,False,False,True,False,False
'C395508885','M1823072687',0,3132.91,156,0,0.0,505119,0.0,0.0,253247,False,False,False,False,False,False,False,False,False,False,False,False,True,False,False
'C2085186254','M348934600',0,1272.03,81,0,0.0,505119,0.0246913580246913,0.0,176707,False,False,False,False,False,False,False,False,False,False,False,False,True,False,False
'C1240746302','M1823072687',0,2467.61,142,0,0.0,505119,0.0,0.0,231033,False,False,False,False,False,False,False,False,False,False,False,False,True,False,False
'C1853381059','M348934600',0,4462.54,24,0,0.0,505119,0.0,0.0,39705,False,False,False,False,False,False,False,False,False,False,False,False,True,False,False
'C1370192017','M1823072687',0,3742.62,130,0,0.0,505119,0.0,0.0,197811,False,False,False,False,False,False,False,False,False,False,False,False,True,False,False
'C1670516684','M151143676',0,3098.16,84,0,0.0188294366860191,6373,0.0,0.0145579105116677,4671,True,False,False,False,False,False,False,False,False,False,False,False,False,False,False
'C145901862','M1823072687',0,5023.59,109,0,0.0,505119,0.0,0.0,199462,False,False,False,False,False,False,False,False,False,False,False,False,True,False,False
'C1638268213','M1823072687',0,2979.99,24,0,0.0,505119,0.0,0.0,31242,False,False,False,False,False,False,False,False,False,False,False,False,True,False,False
'C1010589026','M348934600',0,1450.77,161,0,0.0,505119,0.0,0.0,198098,False,False,False,False,False,False,False,False,False,False,False,False,True,False,False
'C1057813963','M1823072687',0,2470.58,69,0,0.0,505119,0.0289855072463768,0.0,103398,False,False,False,False,False,False,False,False,False,False,False,False,True,False,False
'C433355159','M1823072687',0,1108.19,157,0,0.0,505119,0.0,0.0,267688,False,False,False,False,False,False,False,False,False,False,False,False,True,False,False
'C278409847','M348934600',0,302.86,49,0,0.0,505119,0.0,0.0,118637,False,False,False,False,False,False,False,False,False,False,False,False,True,False,False
'C1488142454','M1823072687',0,2325.61,31,0,0.0,505119,0.0,0.0,23179,False,False,False,False,False,False,False,False,False,False,False,False,True,False,False
'C1801270098','M348934600',0,3590.69,81,0,0.0,505119,0.0,0.0,120451,False,False,False,False,False,False,False,False,False,False,False,False,True,False,False
'C1153792315','M348934600',0,1855.92,59,0,0.0,505119,0.0,0.0,174567,False,False,False,False,False,False,False,False,False,False,False,False,True,False,False
'C381250974','M85975013',0,2439.8,111,0,0.0,26254,0.0,0.0,13537,False,False,False,True,False,False,False,False,False,False,False,False,False,False,False
'C1158738757','M1823072687',0,4326.5,147,0,0.0,505119,0.0,0.0,231277,False,False,False,False,False,False,False,False,False,False,False,False,True,False,False
'C1922022324','M348934600',0,5184.45,81,0,0.0,505119,0.0,0.0,127980,False,False,False,False,False,False,False,False,False,False,False,False,True,False,False
'C1133298590','M348934600',0,1930.39,21,0,0.0,505119,0.0,0.0,85377,False,False,False,False,False,False,False,False,False,False,False,False,True,False,False
'C1472579779','M348934600',0,8278.64,60,1,0.0,505119,0.0,0.0,102494,False,False,False,False,False,False,False,False,False,False,False,False,True,False,False
'C347453747','M348934600',0,2443.77,142,0,0.0,505119,0.0,0.0,174775,False,False,False,False,False,False,False,False,False,False,False,False,True,False,False
'C165037464','M85975013',0,6453.51,50,0,0.0,26254,0.0,0.0,4722,False,False,False,True,False,False,False,False,False,False,False,False,False,False,False
'C1692355722','M348934600',0,535.23,53,0,0.0,505119,0.0,0.0,88694,False,False,False,False,False,False,False,False,False,False,False,False,True,False,False
'C846889180','M85975013',0,3508.27,60,0,0.0,26254,0.05,0.0,17015,False,False,False,True,False,False,False,False,False,False,False,False,False,False,False
'C1869142879','M1823072687',0,3697.93,96,0,0.0,505119,0.0,0.0,119466,False,False,False,False,False,False,False,False,False,False,False,False,True,False,False
'C1747513604','M1823072687',0,812.27,25,0,0.0,505119,0.0,0.0,152565,False,False,False,False,False,False,False,False,False,False,False,False,True,False,False
'C586830923','M1823072687',0,4834.92,85,0,0.0,505119,0.0,0.0,113515,False,False,False,False,False,False,False,False,False,False,False,False,True,False,False
'C697242067','M1823072687',0,1289.91,169,0,0.0,505119,0.0,0.0,277287,False,False,False,False,False,False,False,False,False,False,False,False,True,False,False
'C1895811684','M1053599405',0,6761.34,76,0,0.1051261389698134,16133,0.0,0.0,2163,False,False,False,False,True,False,False,False,False,False,False,False,False,False,False
'C1403689550','M348934600',0,582.89,61,0,0.0,505119,0.0,0.0,98540,False,False,False,False,False,False,False,False,False,False,False,False,True,False,False
'C1293338142','M1823072687',0,4653.2,152,0,0.0,505119,0.0,0.0,254761,False,False,False,False,False,False,False,False,False,False,False,False,True,False,False
'C6433096','M348934600',0,1026.76,11,0,0.0,505119,0.0,0.0,98386,False,False,False,False,False,False,False,False,False,False,False,False,True,False,False
'C1383337902','M348934600',0,5013.66,30,0,0.0,505119,0.0,0.0,52748,False,False,False,False,False,False,False,False,False,False,False,False,True,False,False
'C1577880868','M1823072687',0,100.29,66,0,0.0,505119,0.0,0.0,110847,False,False,False,False,False,False,False,False,False,False,False,False,True,False,False
'C2096367617','M1053599405',0,3951.15,36,0,0.1051261389698134,16133,0.0833333333333333,0.0,4595,False,False,False,False,True,False,False,False,False,False,False,False,False,False,False
'C1801713151','M1823072687',0,1802.29,53,0,0.0,505119,0.0,0.0,48924,False,False,False,False,False,False,False,False,False,False,False,False,True,False,False
'C264736518','M348934600',0,2772.46,44,0,0.0,505119,0.0681818181818181,0.0,136838,False,False,False,False,False,False,False,False,False,False,False,False,True,False,False
'C1038879380','M1823072687',0,2469.59,136,0,0.0,505119,0.0073529411764705,0.0,215340,False,False,False,False,False,False,False,False,False,False,False,False,True,False,False
'C795132749','M1823072687',0,4341.4,115,0,0.0,505119,0.0,0.0,160783,False,False,False,False,False,False,False,False,False,False,False,False,True,False,False
'C590614528','M1823072687',0,4895.49,72,0,0.0,505119,0.0,0.0,71066,False,False,False,False,False,False,False,False,False,False,False,False,True,False,False
'C706685788','M348934600',0,712.97,7,0,0.0,505119,0.0,0.0,16874,False,False,False,False,False,False,False,False,False,False,False,False,True,False,False
'C970603000','M348934600',0,1074.43,69,0,0.0,505119,0.0,0.0,108452,False,False,False,False,False,False,False,False,False,False,False,False,True,False,False
'C229665572','M1823072687',0,5582.65,118,0,0.0,505119,0.0,0.0,174313,False,False,False,False,False,False,False,False,False,False,False,False,True,False,False
'C49915499','M1823072687',0,554.09,124,0,0.0,505119,0.0,0.0,187198,False,False,False,False,False,False,False,False,False,False,False,False,True,False,False
'C44151986','M348934600',0,3997.82,57,0,0.0,505119,0.1403508771929824,0.0,120485,False,False,False,False,False,False,False,False,False,False,False,False,True,False,False
'C181111540','M1823072687',0,1388.21,159,0,0.0,505119,0.0,0.0,275217,False,False,False,False,False,False,False,False,False,False,False,False,True,False,False
'C1387070447','M348934600',0,937.39,1,0,0.0,505119,0.0,0.0,2486,False,False,False,False,False,False,False,False,False,False,False,False,True,False,False
'C285545076','M1823072687',0,4647.24,86,0,0.0,505119,0.0,0.0,104045,False,False,False,False,False,False,False,False,False,False,False,False,True,False,False
'C1154631581','M348934600',0,2488.46,148,0,0.0,505119,0.0135135135135135,0.0,187397,False,False,False,False,False,False,False,False,False,False,False,False,True,False,False
'C1705819997','M1823072687',0,118.17,124,0,0.0,505119,0.0,0.0,186532,False,False,False,False,False,False,False,False,False,False,False,False,True,False,False
'C278676105','M1823072687',0,3013.76,87,0,0.0,505119,0.0,0.0,112744,False,False,False,False,False,False,False,False,False,False,False,False,True,False,False
'C2014729870','M1823072687',0,277.05,98,0,0.0,505119,0.0,0.0,177713,False,False,False,False,False,False,False,False,False,False,False,False,True,False,False
'C393216567','M348934600',0,1948.27,25,0,0.0,505119,0.0,0.0,42066,False,False,False,False,False,False,False,False,False,False,False,False,True,False,False
'C696720817','M1823072687',0,2169.7,24,0,0.0,505119,0.0,0.0,137899,False,False,False,False,False,False,False,False,False,False,False,False,True,False,False
'C1530262146','M1823072687',0,3452.66,44,0,0.0,505119,0.0,0.0,40308,False,False,False,False,False,False,False,False,False,False,False,False,True,False,False
'C597908249','M348934600',0,1229.33,16,0,0.0,505119,0.0,0.0,31387,False,False,False,False,False,False,False,False,False,False,False,False,True,False,False
'C648063518','M348934600',0,6307.54,42,0,0.0,505119,0.0,0.0,71720,False,False,False,False,False,False,False,False,False,False,False,False,True,False,False
'C2029028090','M1823072687',0,7303.51,70,0,0.0,505119,0.0,0.0,79444,False,False,False,False,False,False,False,False,False,False,False,False,True,False,False
'C446179646','M348934600',0,3165.68,30,0,0.0,505119,0.2,0.0,44945,False,False,False,False,False,False,False,False,False,False,False,False,True,False,False
'C954150626','M348934600',0,380.32,150,0,0.0,505119,0.0,0.0,188211,False,False,False,False,False,False,False,False,False,False,False,False,True,False,False
'C1882101149','M1823072687',0,1459.71,47,0,0.0,505119,0.0,0.0,40996,False,False,False,False,False,False,False,False,False,False,False,False,True,False,False
'C1238185596','M1823072687',0,430.96,144,0,0.0,505119,0.0,0.0,234005,False,False,False,False,False,False,False,False,False,False,False,False,True,False,False
'C1953142190','M1823072687',0,5533.0,112,0,0.0,505119,0.0,0.0,137743,False,False,False,False,False,False,False,False,False,False,False,False,True,False,False
'C1081944543','M1823072687',0,3579.76,83,0,0.0,505119,0.0,0.0,92801,False,False,False,False,False,False,False,False,False,False,False,False,True,False,False
'C1642592478','M1913465890',0,4652.2,129,0,0.1051261389698134,16133,0.0,0.0,2319,False,False,False,False,True,False,False,False,False,False,False,False,False,False,False
'C1933962406','M1823072687',0,1173.73,81,0,0.0,505119,0.0493827160493827,0.0,194191,False,False,False,False,False,False,False,False,False,False,False,False,True,False,False
'C755000520','M1823072687',0,3561.89,121,0,0.0,505119,0.0,0.0,177073,False,False,False,False,False,False,False,False,False,False,False,False,True,False,False
'C1580712621','M349281107',0,1737.75,115,0,0.0179733498605515,6454,0.0,0.0,2086,False,False,True,False,False,False,False,False,False,False,False,False,False,False,False
'C1284515419','M1823072687',0,938.38,52,0,0.0,505119,0.0,0.0,49389,False,False,False,False,False,False,False,False,False,False,False,False,True,False,False
'C522845009','M348934600',0,825.18,21,0,0.0,505119,0.0,0.0,148444,False,False,False,False,False,False,False,False,False,False,False,False,True,False,False
'C1554037473','M1823072687',0,546.15,132,0,0.0,505119,0.0,0.0,201521,False,False,False,False,False,False,False,False,False,False,False,False,True,False,False
'C886146370','M1823072687',0,2700.96,103,0,0.0,505119,0.0,0.0,147977,False,False,False,False,False,False,False,False,False,False,False,False,True,False,False
'C986156699','M1823072687',0,3973.99,42,0,0.0,505119,0.0,0.0,37023,False,False,False,False,False,False,False,False,False,False,False,False,True,False,False
'C506565122','M855959430',0,245.27,94,0,0.0459166939980321,6098,0.0,0.0375434530706836,4315,False,False,False,False,False,False,False,True,False,False,False,False,False,False,False
'C1631162170','M349281107',0,12424.42,117,1,0.0179733498605515,6454,0.0,0.0,2241,False,False,True,False,False,False,False,False,False,False,False,False,False,False,False
'C344209010','M1823072687',0,1535.18,75,0,0.0,505119,0.0,0.0,86415,False,False,False,False,False,False,False,False,False,False,False,False,True,False,False
'C1039035065','M1823072687',0,5576.69,45,0,0.0,505119,0.0,0.0,41342,False,False,False,False,False,False,False,False,False,False,False,False,True,False,False
'C1783127345','M348934600',0,1967.13,37,0,0.0,505119,0.0,0.0,66131,False,False,False,False,False,False,False,False,False,False,False,False,True,False,False
'C190128751','M348934600',0,2441.79,10,0,0.0,505119,0.0,0.0,23608,False,False,False,False,False,False,False,False,False,False,False,False,True,False,False
'C1577104524','M348934600',0,1882.73,15,0,0.0,505119,0.0,0.0,29103,False,False,False,False,False,False,False,False,False,False,False,False,True,False,False
'C587016440','M348934600',0,5949.06,75,0,0.0,505119,0.0,0.0,115405,False,False,False,False,False,False,False,False,False,False,False,False,True,False,False
'C1904362781','M85975013',0,4525.1,67,0,0.0,26254,0.0,0.0,7012,False,False,False,True,False,False,False,False,False,False,False,False,False,False,False
'C440111595','M1823072687',0,2675.14,156,0,0.0,505119,0.0,0.0,264979,False,False,False,False,False,False,False,False,False,False,False,False,True,False,False
'C1010865894','M348934600',0,5928.21,42,0,0.0,505119,0.0,0.0,70145,False,False,False,False,False,False,False,False,False,False,False,False,True,False,False
'C1402203755','M85975013',0,408.12,172,0,0.0,26254,0.0,0.0,25240,False,False,False,True,False,False,False,False,False,False,False,False,False,False,False
'C23582994','M151143676',0,442.88,50,0,0.0188294366860191,6373,0.02,0.0160670625218302,2863,True,False,False,False,False,False,False,False,False,False,False,False,False,False,False
'C656031620','M348934600',0,197.61,159,0,0.0,505119,0.0,0.0,198849,False,False,False,False,False,False,False,False,False,False,False,False,True,False,False
'C769422228','M1823072687',0,4572.76,148,0,0.0,505119,0.0,0.0,271567,False,False,False,False,False,False,False,False,False,False,False,False,True,False,False
'C144783459','M348934600',0,2491.44,13,0,0.0,505119,0.0,0.0,41183,False,False,False,False,False,False,False,False,False,False,False,False,True,False,False
'C858160484','M78078399',0,10916.05,38,1,0.0475937955720535,15086,0.0263157894736842,0.034896401308615,917,False,False,False,False,False,False,False,False,False,False,False,False,False,False,True
'C159675329','M348934600',0,4835.91,110,0,0.0,505119,0.0363636363636363,0.0,178806,False,False,False,False,False,False,False,False,False,False,False,False,True,False,False
'C2114634161','M78078399',0,7934.07,72,1,0.0475937955720535,15086,0.0,0.0344827586206896,986,False,False,False,False,False,False,False,False,False,False,False,False,False,False,True
'C2068909690','M1823072687',0,4949.11,139,0,0.0,505119,0.0,0.0,246981,False,False,False,False,False,False,False,False,False,False,False,False,True,False,False
'C1545484501','M1823072687',0,2344.47,69,0,0.0,505119,0.0,0.0,72485,False,False,False,False,False,False,False,False,False,False,False,False,True,False,False
'C1532144144','M855959430',0,8678.82,96,1,0.0459166939980321,6098,0.0,0.0358986968281288,4067,False,False,False,False,False,False,False,True,False,False,False,False,False,False,False
'C673469784','M348934600',0,869.87,129,0,0.0,505119,0.0,0.0,166992,False,False,False,False,False,False,False,False,False,False,False,False,True,False,False
'C1838681949','M1823072687',0,131.08,145,0,0.0,505119,0.0,0.0,248067,False,False,False,False,False,False,False,False,False,False,False,False,True,False,False
'C338456981','M348934600',0,1888.69,70,0,0.0,505119,0.0,0.0,122646,False,False,False,False,False,False,False,False,False,False,False,False,True,False,False
'C1248026439','M1823072687',0,2573.86,80,0,0.0,505119,0.025,0.0,126180,False,False,False,False,False,False,False,False,False,False,False,False,True,False,False
'C1939799337','M1823072687',0,1906.56,64,0,0.0,505119,0.0,0.0,65435,False,False,False,False,False,False,False,False,False,False,False,False,True,False,False
'C1789457872','M1823072687',0,1868.83,25,0,0.0,505119,0.0,0.0,15946,False,False,False,False,False,False,False,False,False,False,False,False,True,False,False
'C39112485','M1913465890',0,9069.07,99,1,0.1051261389698134,16133,0.0202020202020202,0.0,1290,False,False,False,False,True,False,False,False,False,False,False,False,False,False,False
'C1838948302','M151143676',0,632.54,29,0,0.0188294366860191,6373,0.0344827586206896,0.0164502164502164,2310,True,False,False,False,False,False,False,False,False,False,False,False,False,False,False
'C1710930627','M348934600',0,3006.8,11,0,0.0,505119,0.0,0.0,19759,False,False,False,False,False,False,False,False,False,False,False,False,True,False,False
'C1040405455','M348934600',0,4288.77,11,0,0.0,505119,0.0909090909090909,0.0,77766,False,False,False,False,False,False,False,False,False,False,False,False,True,False,False
'C1734585073','M348934600',0,2367.31,47,0,0.0,505119,0.0,0.0,83531,False,False,False,False,False,False,False,False,False,False,False,False,True,False,False
'C1129461636','M1823072687',0,784.47,18,0,0.0,505119,0.0,0.0,11840,False,False,False,False,False,False,False,False,False,False,False,False,True,False,False
'C896887653','M348934600',0,2035.65,95,0,0.0,505119,0.0,0.0,139298,False,False,False,False,False,False,False,False,False,False,False,False,True,False,False
'C966335674','M151143676',0,5874.59,3,0,0.0188294366860191,6373,0.0,0.0145985401459854,137,True,False,False,False,False,False,False,False,False,False,False,False,False,False,False
'C1342849651','M1823072687',0,1696.04,99,0,0.0,505119,0.0606060606060606,0.0,191375,False,False,False,False,False,False,False,False,False,False,False,False,True,False,False
'C179196508','M348934600',0,3263.99,31,0,0.0,505119,0.0967741935483871,0.0,50318,False,False,False,False,False,False,False,False,False,False,False,False,True,False,False
'C1396978257','M348934600',0,349.54,49,0,0.0,505119,0.0,0.0,100104,False,False,False,False,False,False,False,False,False,False,False,False,True,False,False
'C407936671','M1823072687',0,900.65,59,0,0.0,505119,0.0169491525423728,0.0,86126,False,False,False,False,False,False,False,False,False,False,False,False,True,False,False
'C1348847019','M1823072687',0,2099.2,132,0,0.0,505119,0.0757575757575757,0.0,283354,False,False,False,False,False,False,False,False,False,False,False,False,True,False,False
'C1225717157','M1823072687',0,1827.12,77,0,0.0,505119,0.0,0.0,94683,False,False,False,False,False,False,False,False,False,False,False,False,True,False,False
'C1655514881','M348934600',0,5321.49,13,0,0.0,505119,0.2307692307692307,0.0,192401,False,False,False,False,False,False,False,False,False,False,False,False,True,False,False
'C1076053396','M348934600',0,1805.27,8,0,0.0,505119,0.0,0.0,14636,False,False,False,False,False,False,False,False,False,False,False,False,True,False,False
'C78631448','M348934600',0,1076.41,33,0,0.0,505119,0.0303030303030303,0.0,195822,False,False,False,False,False,False,False,False,False,False,False,False,True,False,False
'C1263267362','M348934600',0,2758.55,32,0,0.0,505119,0.0,0.0,80569,False,False,False,False,False,False,False,False,False,False,False,False,True,False,False
'C2123693067','M1823072687',0,4206.35,124,0,0.0,505119,0.0,0.0,194791,False,False,False,False,False,False,False,False,False,False,False,False,True,False,False
'C784763814','M1823072687',0,7063.21,116,0,0.0,505119,0.0,0.0,283771,False,False,False,False,False,False,False,False,False,False,False,False,True,False,False
'C1902837467','M348934600',0,8188.28,92,1,0.0,505119,0.0,0.0,131269,False,False,False,False,False,False,False,False,False,False,False,False,True,False,False
'C2095429384','M1823072687',0,4754.48,74,0,0.0,505119,0.0,0.0,79978,False,False,False,False,False,False,False,False,False,False,False,False,True,False,False
'C1456179400','M1823072687',0,3678.07,64,0,0.0,505119,0.0,0.0,138578,False,False,False,False,False,False,False,False,False,False,False,False,True,False,False
'C581581060','M348934600',0,655.38,17,0,0.0,505119,0.0588235294117647,0.0,24893,False,False,False,False,False,False,False,False,False,False,False,False,True,False,False
'C1494778598','M1946091778',0,7015.55,122,0,0.0475937955720535,15086,0.0,0.0,3399,False,False,False,False,False,False,False,False,False,False,False,False,False,False,True
'C637831009','M151143676',0,9958.8,129,1,0.0188294366860191,6373,0.0,0.0167379579691277,5377,True,False,False,False,False,False,False,False,False,False,False,False,False,False,False
'C499129070','M1823072687',0,1146.91,110,0,0.0,505119,0.0,0.0,295378,False,False,False,False,False,False,False,False,False,False,False,False,True,False,False
'C17359646','M1823072687',0,1462.69,24,0,0.0,505119,0.0,0.0,56646,False,False,False,False,False,False,False,False,False,False,False,False,True,False,False
'C956898918','M348934600',0,2600.67,141,0,0.0,505119,0.0,0.0,183359,False,False,False,False,False,False,False,False,False,False,False,False,True,False,False
'C723217997','M348934600',0,2946.23,29,0,0.0,505119,0.0,0.0,51643,False,False,False,False,False,False,False,False,False,False,False,False,True,False,False
'C892313955','M1823072687',0,2088.28,29,0,0.0,505119,0.0,0.0,43656,False,False,False,False,False,False,False,False,False,False,False,False,True,False,False
'C1570165892','M1823072687',0,3942.21,127,0,0.0,505119,0.0,0.0,207774,False,False,False,False,False,False,False,False,False,False,False,False,True,False,False
'C1744098311','M1823072687',0,197.61,88,0,0.0,505119,0.0,0.0,130385,False,False,False,False,False,False,False,False,False,False,False,False,True,False,False
'C1873446390','M348934600',0,1012.86,12,0,0.0,505119,0.0,0.0,24371,False,False,False,False,False,False,False,False,False,False,False,False,True,False,False
'C389387421','M1823072687',0,1598.73,48,0,0.0,505119,0.0,0.0,46835,False,False,False,False,False,False,False,False,False,False,False,False,True,False,False
'C401828466','M348934600',0,6838.79,41,0,0.0,505119,0.0,0.0,70051,False,False,False,False,False,False,False,False,False,False,False,False,True,False,False
'C1591008232','M1823072687',0,1844.0,119,0,0.0,505119,0.0,0.0,175029,False,False,False,False,False,False,False,False,False,False,False,False,True,False,False
'C306854291','M348934600',0,2044.59,98,0,0.0,505119,0.0,0.0,144491,False,False,False,False,False,False,False,False,False,False,False,False,True,False,False
'C1803181641','M1823072687',0,1251.18,83,0,0.0,505119,0.0,0.0,101710,False,False,False,False,False,False,False,False,False,False,False,False,True,False,False
'C351144071','M1823072687',0,1827.12,103,0,0.0,505119,0.0097087378640776,0.0,219395,False,False,False,False,False,False,False,False,False,False,False,False,True,False,False
'C1757210259','M1823072687',0,444.86,115,0,0.0,505119,0.0,0.0,164633,False,False,False,False,False,False,False,False,False,False,False,False,True,False,False
'C58432631','M1823072687',0,1617.6,13,0,0.0,505119,0.0,0.0,8917,False,False,False,False,False,False,False,False,False,False,False,False,True,False,False
'C426715237','M348934600',0,4708.81,63,0,0.0,505119,0.0,0.0,181621,False,False,False,False,False,False,False,False,False,False,False,False,True,False,False
'C247537602','M1823072687',0,641.48,103,0,0.0,505119,0.0,0.0,146894,False,False,False,False,False,False,False,False,False,False,False,False,True,False,False
'C16613795','M1823072687',0,5124.87,115,0,0.0,505119,0.0,0.0,160970,False,False,False,False,False,False,False,False,False,False,False,False,True,False,False
'C608244416','M1400236507',0,33979.47,113,1,0.1520644511581067,1986,0.0,0.0,508,False,False,False,False,False,True,False,False,False,False,False,False,False,False,False
'C1580753738','M348934600',0,1559.01,49,0,0.0,505119,0.0612244897959183,0.0,187806,False,False,False,False,False,False,False,False,False,False,False,False,True,False,False
'C1373973501','M348934600',0,1533.19,71,0,0.0,505119,0.0,0.0,113601,False,False,False,False,False,False,False,False,False,False,False,False,True,False,False
'C2127479268','M151143676',0,8846.64,38,1,0.0188294366860191,6373,0.0,0.0146555935515388,2047,True,False,False,False,False,False,False,False,False,False,False,False,False,False,False
'C947010068','M1823072687',0,1061.52,116,0,0.0,505119,0.0,0.0,168774,False,False,False,False,False,False,False,False,False,False,False,False,True,False,False
'C1214582637','M348934600',0,874.83,138,0,0.0,505119,0.0144927536231884,0.0,181148,False,False,False,False,False,False,False,False,False,False,False,False,True,False,False
'C1441133487','M348934600',0,2554.99,28,0,0.0,505119,0.0,0.0,52949,False,False,False,False,False,False,False,False,False,False,False,False,True,False,False
'C1010936270','M348934600',0,3132.91,103,0,0.0,505119,0.0,0.0,154482,False,False,False,False,False,False,False,False,False,False,False,False,True,False,False
'C357634845','M1823072687',0,5531.01,167,0,0.0,505119,0.0,0.0,285769,False,False,False,False,False,False,False,False,False,False,False,False,True,False,False
'C1239154010','M85975013',0,12253.62,68,1,0.0,26254,0.0,0.0,10334,False,False,False,True,False,False,False,False,False,False,False,False,False,False,False
'C489185823','M1823072687',0,2347.45,58,0,0.0,505119,0.0,0.0,80390,False,False,False,False,False,False,False,False,False,False,False,False,True,False,False
'C2109575612','M1823072687',0,1113.15,27,0,0.0,505119,0.074074074074074,0.0,44541,False,False,False,False,False,False,False,False,False,False,False,False,True,False,False
'C673994225','M1823072687',0,755.67,37,0,0.0,505119,0.0,0.0,64275,False,False,False,False,False,False,False,False,False,False,False,False,True,False,False
'C662015024','M348934600',0,109.23,85,0,0.0,505119,0.0,0.0,175551,False,False,False,False,False,False,False,False,False,False,False,False,True,False,False
'C143498560','M1823072687',0,2480.51,153,0,0.0,505119,0.0196078431372549,0.0,294074,False,False,False,False,False,False,False,False,False,False,False,False,True,False,False
'C38227648','M1823072687',0,4507.23,102,0,0.0,505119,0.0,0.0,138362,False,False,False,False,False,False,False,False,False,False,False,False,True,False,False
'C131915922','M1823072687',0,3712.83,100,0,0.0,505119,0.0,0.0,123587,False,False,False,False,False,False,False,False,False,False,False,False,True,False,False
'C1933962406','M1823072687',0,2568.89,41,0,0.0,505119,0.0,0.0,115910,False,False,False,False,False,False,False,False,False,False,False,False,True,False,False
'C1914083426','M1823072687',0,3383.15,75,0,0.0,505119,0.0,0.0,158464,False,False,False,False,False,False,False,False,False,False,False,False,True,False,False
'C1240746302','M1823072687',0,7399.84,144,0,0.0,505119,0.0,0.0,236821,False,False,False,False,False,False,False,False,False,False,False,False,True,False,False
'C1159279360','M1823072687',0,5175.52,64,0,0.0,505119,0.015625,0.0,159915,False,False,False,False,False,False,False,False,False,False,False,False,True,False,False
'C750572020','M348934600',0,2682.09,8,0,0.0,505119,0.0,0.0,16192,False,False,False,False,False,False,False,False,False,False,False,False,True,False,False
'C1355273346','M1823072687',0,3638.35,96,0,0.0,505119,0.0,0.0,121321,False,False,False,False,False,False,False,False,False,False,False,False,True,False,False
'C238162071','M1823072687',0,602.75,117,0,0.0,505119,0.017094017094017,0.0,289036,False,False,False,False,False,False,False,False,False,False,False,False,True,False,False
'C483485800','M1823072687',0,4324.51,119,0,0.0,505119,0.0168067226890756,0.0,171654,False,False,False,False,False,False,False,False,False,False,False,False,True,False,False
'C1267749701','M85975013',0,4927.27,83,0,0.0,26254,0.0,0.0,8519,False,False,False,True,False,False,False,False,False,False,False,False,False,False,False
'C470079617','M348934600',0,1062.51,66,0,0.0,505119,0.0,0.0,105853,False,False,False,False,False,False,False,False,False,False,False,False,True,False,False
'C1236503001','M1823072687',0,3471.53,47,0,0.0,505119,0.0,0.0,40553,False,False,False,False,False,False,False,False,False,False,False,False,True,False,False
'C1586463432','M348934600',0,8174.38,49,1,0.0,505119,0.0,0.0,122433,False,False,False,False,False,False,False,False,False,False,False,False,True,False,False
'C175698222','M1823072687',0,2159.78,101,0,0.0,505119,0.0,0.0,138466,False,False,False,False,False,False,False,False,False,False,False,False,True,False,False
'C1370556911','M1823072687',0,2969.07,139,0,0.0,505119,0.0,0.0,215671,False,False,False,False,False,False,False,False,False,False,False,False,True,False,False
'C1495681901','M1823072687',0,4226.21,48,0,0.0,505119,0.0,0.0,46771,False,False,False,False,False,False,False,False,False,False,False,False,True,False,False
'C1019071188','M1823072687',0,4000.8,20,0,0.0,505119,0.0,0.0,80983,False,False,False,False,False,False,False,False,False,False,False,False,True,False,False
'C1508373758','M1823072687',0,4262.95,148,0,0.0,505119,0.0,0.0,231262,False,False,False,False,False,False,False,False,False,False,False,False,True,False,False
'C503124737','M348934600',0,4305.65,25,0,0.0,505119,0.0,0.0,63592,False,False,False,False,False,False,False,False,False,False,False,False,True,False,False
'C486343841','M349281107',0,3279.88,33,0,0.0179733498605515,6454,0.0,0.0,287,False,False,True,False,False,False,False,False,False,False,False,False,False,False,False
'C1507237884','M1823072687',0,243.28,143,0,0.0,505119,0.0,0.0,216157,False,False,False,False,False,False,False,False,False,False,False,False,True,False,False
'C1735092211','M1823072687',0,1995.93,95,0,0.0,505119,0.0,0.0,137368,False,False,False,False,False,False,False,False,False,False,False,False,True,False,False
'C1405664150','M348934600',0,1535.18,36,0,0.0,505119,0.0,0.0,59842,False,False,False,False,False,False,False,False,False,False,False,False,True,False,False
'C466769207','M1823072687',0,3362.3,163,0,0.0,505119,0.0,0.0,281393,False,False,False,False,False,False,False,False,False,False,False,False,True,False,False
'C638917294','M348934600',0,62.56,130,0,0.0,505119,0.0,0.0,181368,False,False,False,False,False,False,False,False,False,False,False,False,True,False,False
'C1287167517','M1823072687',0,2860.83,90,0,0.0,505119,0.0,0.0,116540,False,False,False,False,False,False,False,False,False,False,False,False,True,False,False
'C1896850232','M1823072687',0,2553.0,122,0,0.0,505119,0.040983606557377,0.0,146364,False,False,False,False,False,False,False,False,False,False,False,False,True,False,False
'C1486961552','M85975013',0,2892.61,107,0,0.0,26254,0.0,0.0,12992,False,False,False,True,False,False,False,False,False,False,False,False,False,False,False
'C1731138845','M348934600',0,1291.89,111,0,0.0,505119,0.0,0.0,187297,False,False,False,False,False,False,False,False,False,False,False,False,True,False,False
'C759236361','M348934600',0,325.7,29,0,0.0,505119,0.1379310344827586,0.0,95369,False,False,False,False,False,False,False,False,False,False,False,False,True,False,False
'C1869757503','M1823072687',0,1161.81,152,0,0.0,505119,0.0,0.0,246818,False,False,False,False,False,False,False,False,False,False,False,False,True,False,False
'C545102882','M348934600',0,2571.87,90,0,0.0,505119,0.0,0.0,143215,False,False,False,False,False,False,False,False,False,False,False,False,True,False,False
'C1475317372','M1946091778',0,3743.61,20,0,0.0475937955720535,15086,0.0,0.0,190,False,False,False,False,False,False,False,False,False,False,False,False,False,False,True
'C1033848759','M348934600',0,3636.37,18,0,0.0,505119,0.0,0.0,46809,False,False,False,False,False,False,False,False,False,False,False,False,True,False,False
'C1374607221','M348934600',0,1695.05,75,0,0.0,505119,0.0,0.0,107453,False,False,False,False,False,False,False,False,False,False,False,False,True,False,False
'C1226558289','M348934600',0,952.29,19,0,0.0,505119,0.0,0.0,38329,False,False,False,False,False,False,False,False,False,False,False,False,True,False,False
'C35785606','M1649169323',0,2730.75,161,0,0.4952523738130934,4002,0.0,0.1054545454545454,1100,False,False,False,False,False,False,False,False,False,False,True,False,False,False,False
'C438541016','M151143676',0,4293.73,49,0,0.0188294366860191,6373,0.0,0.0156657963446475,3064,True,False,False,False,False,False,False,False,False,False,False,False,False,False,False
'C1224153830','M1823072687',0,1351.47,100,0,0.0,505119,0.0,0.0,142194,False,False,False,False,False,False,False,False,False,False,False,False,True,False,False
'C1787537369','M1741626453',1,66338.36,74,1,0.4952523738130934,4002,0.0405405405405405,0.3009404388714733,319,False,False,False,False,False,False,False,False,False,False,True,False,False,False,False
'C617723960','M980657600',1,13001.35,16,1,0.4952523738130934,4002,0.875,0.7917304747320061,653,False,False,False,False,False,False,False,False,False,False,True,False,False,False,False
'C910454738','M855959430',1,541.18,47,0,0.0459166939980321,6098,0.9574468085106383,0.0352588147036759,3999,False,False,False,False,False,False,False,True,False,False,False,False,False,False,False
'C515668508','M1198415165',1,25865.66,45,1,0.0475937955720535,15086,0.5555555555555556,0.1983240223463687,358,False,False,False,False,False,False,False,False,False,False,False,False,False,False,True
'C1647495093','M3697346',1,25248.02,7,1,0.9498997995991983,499,0.5714285714285714,0.913793103448276,116,False,False,False,False,False,False,False,False,True,False,False,False,False,False,False
'C447056233','M840466850',1,6382.01,0,0,0.0666666666666666,2370,0.0,0.1282051282051282,39,False,False,False,False,False,False,False,False,False,False,False,True,False,False,False
'C1454826238','M980657600',1,57321.92,10,1,0.4952523738130934,4002,0.8,0.8204633204633205,1554,False,False,False,False,False,False,False,False,False,False,True,False,False,False,False
'C2004941826','M732195782',1,333939.94,28,1,0.7939560439560439,728,1.0,0.8099547511312217,221,False,False,False,False,False,False,False,False,False,False,False,False,False,True,False
'C1269217373','M480139044',1,102694.07,37,1,0.1051261389698134,16133,0.0,0.3879310344827586,2204,False,False,False,False,True,False,False,False,False,False,False,False,False,False,False
'C644590864','M855959430',1,12223.83,25,1,0.0459166939980321,6098,0.08,0.0311368573497465,1381,False,False,False,False,False,False,False,True,False,False,False,False,False,False,False
'C1275518867','M1741626453',1,27434.6,88,1,0.4952523738130934,4002,0.8295454545454546,0.2394366197183098,213,False,False,False,False,False,False,False,False,False,False,True,False,False,False,False
'C706685788','M480139044',1,79771.66,47,1,0.1051261389698134,16133,0.0,0.3363774733637747,1314,False,False,False,False,True,False,False,False,False,False,False,False,False,False,False
